ID,k__Bacteria.p__Firmicutes.c__Erysipelotrichi.o__Erysipelotrichales.f__Erysipelotrichaceae.g__[Eubacterium],k__Bacteria.p__Actinobacteria.c__Coriobacteriia.o__Coriobacteriales.f__Coriobacteriaceae.g__Collinsella,k__Bacteria.p__Firmicutes.c__Clostridia.o__Clostridiales.f__Lachnospiraceae.g__Anaerostipes,k__Bacteria.p__Firmicutes.c__Clostridia.o__Clostridiales.f__Lachnospiraceae.g__[Ruminococcus],k__Bacteria.p__Firmicutes.c__Clostridia.o__Clostridiales.f__Lachnospiraceae.g__Ruminococcus,k__Bacteria.p__Firmicutes.c__Bacilli.o__Lactobacillales.f__Lactobacillaceae.g__Lactobacillus,k__Bacteria.p__Actinobacteria.c__Coriobacteriia.o__Coriobacteriales.f__Coriobacteriaceae.g__Adlercreutzia,k__Bacteria.p__Firmicutes.c__Clostridia.o__Clostridiales.f__.Mogibacteriaceae..g__Mogibacterium,k__Bacteria.p__Proteobacteria.c__Gammaproteobacteria.o__Aeromonadales.f__Succinivibrionaceae.g__Succinivibrio,k__Bacteria.p__Firmicutes.c__Clostridia.o__Clostridiales.f__Ruminococcaceae.g__Faecalibacterium,k__Bacteria.p__Actinobacteria.c__Actinobacteria.o__Actinomycetales.f__Corynebacteriaceae.g__Corynebacterium,k__Bacteria.p__Bacteroidetes.c__Bacteroidia.o__Bacteroidales.f__[Paraprevotellaceae].g__[Prevotella],k__Bacteria.p__Firmicutes.c__Erysipelotrichi.o__Erysipelotrichales.f__Erysipelotrichaceae.g__Bulleidia,k__Bacteria.p__Actinobacteria.c__Actinobacteria.o__Actinomycetales.f__Actinomycetaceae.g__Actinomyces,k__Bacteria.p__Firmicutes.c__Clostridia.o__Clostridiales.f__Lachnospiraceae.g__,k__Bacteria.p__Bacteroidetes.c__Bacteroidia.o__Bacteroidales.f__.Odoribacteraceae..g__Butyricimonas,k__Bacteria.p__Firmicutes.c__Clostridia.o__Clostridiales.f__Ruminococcaceae.g__Ruminococcus,k__Bacteria.p__Firmicutes.c__Clostridia.o__Clostridiales.f__Lachnospiraceae.g__Roseburia,k__Bacteria.p__Proteobacteria.c__Deltaproteobacteria.o__Desulfovibrionales.f__Desulfovibrionaceae.g__Desulfovibrio,k__Bacteria.p__Actinobacteria.c__Coriobacteriia.o__Coriobacteriales.f__Coriobacteriaceae.g__Atopobium,k__Bacteria.p__Actinobacteria.c__Coriobacteriia.o__Coriobacteriales.f__Coriobacteriaceae.g__Slackia,k__Bacteria.p__Firmicutes.c__Clostridia.o__Clostridiales.f__Lachnospiraceae.g__Butyrivibrio,k__Bacteria.p__Verrucomicrobia.c__Verrucomicrobiae.o__Verrucomicrobiales.f__Verrucomicrobiaceae.g__Akkermansia,k__Bacteria.p__Proteobacteria.c__Deltaproteobacteria.o__Desulfovibrionales.f__Desulfovibrionaceae.g__,k__Bacteria.p__Firmicutes.c__Bacilli.o__Turicibacterales.f__Turicibacteraceae.g__Turicibacter,k__Bacteria.p__Firmicutes.c__Erysipelotrichi.o__Erysipelotrichales.f__Erysipelotrichaceae.g__,k__Bacteria.p__Firmicutes.c__Clostridia.o__Clostridiales.f__Lachnospiraceae.g__Coprococcus,k__Bacteria.p__Firmicutes.c__Clostridia.o__Clostridiales.f__Ruminococcaceae.g__Subdoligranulum,k__Bacteria.p__Bacteroidetes.c__Bacteroidia.o__Bacteroidales.f__Rikenellaceae.g__,k__Bacteria.p__Firmicutes.c__Clostridia.o__Clostridiales.f__Lachnospiraceae.g__Clostridium
SZP2016002,-0.905741993,0.034541426,-0.72244389,-0.137661485,2.856847183,0.272037505,0.668525861,-0.335128389,-0.16027303,1.005762687,-0.421167383,-0.355006811,-0.574724846,-0.966850157,0.240561092,3.246912259,1.085570282,2.061123766,0.08714161,-0.505351884,-0.740546485,-0.1444251,-0.724479599,-0.250339648,-0.729939267,0.072840874,0.215705176,5.66E-07,-0.396307186,0.292753078
SZP2016003,-0.424824056,1.939209579,1.742204044,0.973793389,-0.446512398,-0.880827724,-0.670806272,-0.412754787,-0.281931011,-0.232477043,-0.411878249,-0.367407485,0.869378948,0.49423851,0.653286907,-0.353841458,-0.543451727,1.765512965,-0.100248968,-0.542369743,-0.602155242,-0.253783438,-0.780399772,-0.397203719,1.301327075,0.145897181,-0.442985894,5.44E-07,-0.620612757,0.647656179
SZP2016007,0.857871293,0.112319624,0.318775121,-0.746416814,-0.284458824,0.151292966,-0.616357266,-0.210164044,-0.288122897,-0.460638999,-0.263684378,2.760952346,-0.56379456,-0.070914973,-0.58080215,-0.207851761,-0.029352077,-0.319343467,0.213569945,-0.568061501,0.551730711,-0.037971667,-0.529692559,-0.309561644,0.331811381,0.621778441,-0.623174455,-0.101656701,-0.213094612,-0.723193921
SZP2016008,-0.330982818,-0.26910688,-0.717015449,1.636359601,-0.199815836,-0.687433,-0.553987471,-0.524923517,-0.409436465,-1.525779839,1.235540247,-0.62936383,-0.778191842,0.243557488,-1.265551135,-0.256533479,-0.232980712,-1.057581011,-0.765145468,-0.61116782,1.133111133,-0.114322833,-0.327095361,-0.260542357,-1.018649972,-1.018782183,-0.341480503,-0.199329339,-0.133843331,1.051643474
SZP2016009,-0.904733876,1.347519741,-0.982147274,2.726396064,-0.282141653,6.078123443,1.998705091,-0.227906275,-0.369619031,-0.78428209,-0.250822952,-0.29577211,1.099273083,1.753159007,-1.43790012,-0.247931211,-0.258934251,-1.102246759,-0.908668699,2.923957138,-0.576527505,-0.055017816,-0.567838074,-0.397906069,0.110034284,-0.836848913,-1.592793076,-0.096286918,-0.297406879,-0.654057098
SZP2016010,-0.560740588,-1.607300281,-0.537382573,4.014136079,-0.151218573,-0.551884013,-0.508761622,0.131673217,-0.423135346,-1.593934468,1.561319134,-0.977974344,0.295829054,-0.155092649,-1.135660969,-0.255192543,-1.042024224,-1.022448675,-0.666421537,-0.625553182,-1.138056671,-0.172818843,-0.195477257,-0.172536836,-1.100724455,-1.179683596,-0.87808182,-0.315180856,-0.059505271,2.331785588
SZP2016011,-0.403945223,-0.97085741,1.091485929,-0.742830741,-0.357077696,-0.656001419,0.68659298,-0.679390007,-0.214122451,0.103646168,-0.685322413,-0.673531387,0.411591685,-0.23251032,3.028840806,2.571714283,0.706344781,0.735385475,-0.862288682,-0.535470859,-0.971968148,-0.277963491,1.685444122,-0.191502554,-0.824108316,-0.263199376,0.36056771,5.94E-07,-0.253542821,-0.760128884
SZP2016012,1.800800244,-0.230666619,-0.774044258,0.402731969,-0.49545978,-0.846789552,-0.689743439,-0.270303335,-0.151649234,-1.759105459,6.782880413,-0.29068216,1.279714517,2.305423883,-0.808841641,-0.253852995,-0.367075974,-0.93482725,-1.029518438,-0.49899072,-0.678882194,-0.121604592,1.751806696,-0.273514305,0.613771525,-0.376666245,-0.451489031,4.31E-07,-0.450458852,0.50969988
SZP2017001,0.434325629,-0.181700596,4.075569769,-0.791958841,-0.250064898,0.583563887,-0.588328627,-0.291679957,-0.252121238,-0.213200369,-0.360074314,-0.42720046,-0.613646923,-0.299240993,0.445892728,-0.186164384,1.3933976,0.004596637,-0.827502694,-0.564506336,-0.838494441,-0.041316126,-0.405144961,-0.212782708,-0.92930007,-1.023904583,-0.179920419,-0.143023631,-0.116003996,-0.786093574
SZP2017013,0.489673945,0.100496669,-0.841087315,3.850606839,-0.296893305,0.168667366,-0.623140032,-0.177989615,-0.246252509,-0.586465836,-0.248118375,-0.276378875,-0.529889511,0.634070366,-0.469794802,-0.187496448,-0.091212117,-0.128652876,-0.906151249,-0.55520309,-0.670614658,-0.027718365,1.386355389,-0.282666661,0.501765234,-0.91617688,-0.021763493,-0.095190227,-0.19351814,0.393647727
SZP2018001,-0.776090038,0.136941258,-0.725002542,-0.58815758,3.257686308,-0.742741833,1.086304206,-0.26907253,-0.254169878,-0.686052347,-0.336979735,-0.39626985,1.386540014,1.897368783,-0.118621464,-0.187998933,0.476132469,-0.163060152,0.444848553,1.821274144,2.580515457,-0.03918492,-0.429797741,-0.227497305,1.055015218,0.543212299,-0.192141154,-0.132927749,-0.130399679,-0.777555209
SZP2018002,0.25437191,-0.325387403,-0.698465076,-0.220901567,-0.48143863,0.479109001,-0.68021941,-0.290713562,-0.132725544,1.953947688,-0.400012058,-0.325561509,-0.540414323,-0.981466536,-0.843632552,-0.235308555,-0.322053537,-0.539053824,2.60019396,-0.493389727,-0.754333975,-0.114288729,-0.738523361,-0.22704473,0.758627691,0.409144138,1.08018889,5.17E-07,-0.366596871,0.229852004
SZP2018003,0.257234322,-0.35562769,-0.630979423,-0.168891453,-0.433038207,0.473666953,-0.654102441,-0.406422872,-0.150145677,0.699642252,-0.499121027,-0.439078537,-0.610457672,-0.023166013,-0.750696512,-0.247432864,-0.060385575,-0.833727853,-0.947026163,-0.505290408,0.095478615,-0.154814203,-0.630907037,-0.201060887,-0.750475302,-0.46634203,0.38204503,7.28E-07,-0.302221539,-0.804951987
SZP2018004,1.331240338,0.077809898,-0.624431087,-0.934033432,-0.241056903,-0.67748945,-0.579680218,-0.313125229,-0.224895951,1.70929025,-0.396693297,1.408392667,-0.62103308,0.003146138,-0.533501908,-0.171231201,0.490519236,-0.17829738,0.275354566,-0.558463144,-0.923674725,-0.038306372,-0.364125963,-0.173861351,-0.935516255,0.508844897,-0.165667522,-0.159258022,-0.084482208,-0.825379667
SZP2018005,-0.837157936,-0.270086058,0.66081757,-0.466321387,1.377994918,-0.754101713,-0.666513596,-0.339486644,-0.130141843,-0.492134153,-0.452470367,-0.381737139,0.962798925,-0.093734585,-0.697521797,-0.231037544,-0.041854569,-0.126384736,-0.073014851,-0.494933919,-0.825734521,-0.123955648,2.239329772,4.330943116,2.073446302,-0.303767573,0.253118545,6.36E-07,-0.308753921,0.223241651
SZP2018006,-1.085014381,-0.08943631,-0.667317973,0.184938536,-0.407825306,-0.738515629,3.381025238,-0.496075117,-0.20011048,1.655783542,-0.5382627,-0.496516801,-0.670163034,0.333457924,-0.221788143,-0.287415542,1.667816358,0.198747268,0.180701785,-0.524798098,-0.827295758,-0.217292455,1.070006706,-0.236136191,-0.7793365,1.261516939,-0.148710296,7.84E-07,-0.344971735,-0.747773072
SZP2018007,-0.732577522,0.572230626,-0.75016915,-0.077373633,-0.169655833,-0.673164594,-0.531712474,-0.741296827,-0.565807679,1.325366918,-0.579659953,-0.791456695,-0.910122186,-1.137506106,-0.341227016,-0.322446101,0.716976549,-0.049992362,-0.726481365,-0.647898677,1.301841999,-0.212581889,-0.284460783,-0.311281582,0.425372447,0.17739381,0.240226627,-0.243596902,-0.157731481,-0.609089872
SZP2018008,0.121296764,0.52853519,-0.945277229,-0.781946061,-0.251487984,-0.842503781,-0.59760513,2.467140361,-0.429327581,0.250813801,-0.310686024,-0.385778686,-0.665648779,-0.92213054,-0.690466882,-0.272808896,-0.229103274,0.315388459,0.063875834,-0.605026914,0.789564162,-0.08422064,2.280302472,-0.393545371,-0.952343213,0.139234313,-0.766083492,-0.121534047,-0.27502422,-0.630900525
SZP2018009,-0.80651932,-0.920477597,-0.912823527,-0.70629948,-0.288217244,-0.859319374,1.73679686,-0.205210029,-0.308436107,-1.000930461,-0.251001876,-0.288607168,1.148655906,0.807824614,-0.026652626,-0.218441439,0.107305547,-0.320431027,-0.906330403,-0.572409597,-0.621261913,-0.040655117,-0.55343965,-0.3400495,0.264921592,0.928419714,0.316409875,-0.096372285,-0.243914839,-0.701511276
SZP2018011,0.765547078,2.419387355,-0.892887427,-0.510494087,-0.361881417,0.179726437,-0.626997819,-0.736523019,-0.44699873,-0.345157832,0.874787175,-0.591002133,-0.834138417,-0.873501223,-0.860158597,-0.455594102,0.919811001,-0.975622378,-0.919056852,-0.588782476,-0.653320708,-0.493514835,-0.635179392,1.410693213,-0.851225631,0.330935056,-0.267134839,8.08E-07,-0.630263385,-0.557577041
SZP2018012,-0.819124525,0.663487633,-0.636427815,-0.120431128,-0.460958236,0.361328576,-0.667932143,-0.330196177,-0.125151167,1.034277135,-0.447987197,-0.375434085,-0.560924243,-1.047666973,-0.058263932,-0.226533194,-1.15006526,-0.56480188,0.102411374,1.325955729,-0.828661615,-0.11820683,-0.675687819,-0.194248168,-0.724813364,-1.242897111,0.064856564,6.27E-07,-0.303594927,-0.833047171
SZP2018013,-0.18099102,-1.187678742,-0.90317219,2.541082013,-0.478371398,0.268180906,-0.686288052,-0.32652068,-0.234889562,-1.551921177,-0.362737374,-0.305194433,1.122063289,1.195500739,-1.60807196,-0.321604107,-1.262327044,-0.987750673,-1.034545616,1.923691343,-0.586452104,-0.19273129,-0.833070225,-0.380121845,0.436448795,-1.041923502,-0.732643724,4.30E-07,-0.614748887,1.070286074
SZP2018014,-0.637287064,-0.280043209,-0.625019139,-0.080959115,-0.165259013,-0.609333213,-0.523823231,-0.744345002,-0.454994056,-0.675661215,-0.634465635,-0.851113011,-0.89199782,-1.267621876,2.721279466,-0.272059387,-0.285341023,0.44328926,-0.701621631,-0.628372101,-1.003964188,-0.168706351,-0.24153765,-0.22144202,2.526148384,3.866339461,0.14577579,-0.26981137,-0.092854895,0.528286856
SZP2018015,-0.493645444,-0.316681419,-0.809203068,-0.799137963,-0.201855047,0.852496215,-0.558572629,-0.531521589,-0.485350189,-0.782361316,-0.456827104,0.940678853,0.727333482,0.312169022,-0.570615822,-0.291786512,-1.087121011,-0.27512442,0.265869378,1.793962855,0.264684827,-0.140110931,-0.359848078,-0.328304779,-1.02489664,-0.954880629,-1.302616665,-0.186362388,-0.188491528,-0.630569484
SZP2018016,0.789782587,0.109986268,0.414205368,-0.566933328,-0.288217244,0.111430071,-0.620156506,-0.205210029,-0.308436107,1.494216649,-0.251001876,-0.288607168,-0.563755055,0.43762964,-0.09848624,-0.218441439,3.130048448,0.72179395,0.002609586,-0.572409597,-0.621261913,-0.040655117,1.350000185,-0.3400495,0.139733303,-0.874595079,-0.509105817,-0.096372285,-0.243914839,0.538705532
SZP2018017,-0.086949211,-0.388860447,-0.635454662,-0.609402732,-0.429834636,0.403349981,0.64692186,-0.417022052,-0.155841625,-0.777780163,-0.503914471,2.928451731,-0.617736916,-1.061629806,-0.201238004,-0.252213449,-0.331517941,-0.135015783,-0.944815404,-0.507703965,0.194462516,-0.161815702,-0.628303405,-0.205234866,0.607781052,-0.020457549,0.037176575,7.36E-07,-0.307365303,0.225566988
SZP2018018,-0.61145108,-0.687777363,0.237964124,-0.651356244,-0.199917321,-0.733497948,0.896575305,-0.544035072,-0.497735148,0.813070662,-0.461364788,-0.609688909,-0.803505752,-1.057245827,0.706040801,3.448726721,0.06605044,-1.072920544,-0.779230375,-0.628509777,-0.769432822,-0.146707997,-0.357952009,-0.33409331,-1.029172461,0.175112357,-0.382576918,-0.188434831,-0.192233368,0.93970551
SZP2018019,-0.271194616,-0.437791857,0.349036139,-0.359060966,1.826269123,-0.877377037,0.534857715,-0.352128407,-0.232947261,0.498414027,-0.386932227,-0.331474937,-0.602983792,-0.849771759,-0.016253528,-0.318967875,0.260053294,1.493652357,1.160741149,-0.52739442,-0.61679428,-0.199662296,0.514924034,2.335389824,-0.741205044,-0.110881409,1.001658016,4.86E-07,3.485868394,0.707316132
SZP2018020,0.548733272,0.229919447,-0.885286239,-0.724995941,-0.300758622,-0.85648247,-0.626964528,-0.173580643,-0.264580409,1.174866591,-0.235948276,-0.262923681,-0.529851479,-0.940453478,1.776040351,-0.19736162,-0.1546969,0.029849668,0.109746673,-0.559490834,-0.633677541,-0.029774608,-0.565673736,-0.311428146,-0.87524374,0.488368469,-0.119653682,-0.090166057,-0.222408563,-0.735674414
SZP2018021,0.966421301,1.824661858,0.720022182,0.761397655,-0.446171812,0.429257624,0.631511279,-0.381008152,8.909531557,-1.209956073,-0.456716292,-0.396758883,-0.603148427,1.059183035,4.258012278,-0.266606134,-0.465226628,-0.741478884,-0.971910064,2.333201113,4.429522216,-0.164000571,-0.68619985,-0.24396265,0.468862214,0.136434939,-0.241076393,6.45E-07,-0.376721441,0.998487107
SZP2018023,0.102378986,-1.125270431,1.706191705,-0.338491362,-0.474609412,-0.799944879,0.760632574,-0.307986269,-0.143293397,-0.609367896,-0.408391833,-0.3371442,-0.553983465,-0.975605125,0.073196227,-0.244612973,-0.059870503,-0.940060981,-0.999247774,-0.498153327,2.036000916,-0.125715744,-0.732889864,-0.236178049,-0.719457406,2.672604371,0.162010584,5.36E-07,-0.378304567,0.234737009
SZP2018024,0.378181439,-0.179082253,0.103936174,-0.127591935,-0.515539566,-1.032439,-0.711109935,-0.26922216,-0.30438941,-0.659331146,-0.278839758,-0.224127318,-0.567402245,-0.671836066,2.010755872,1.808236793,0.054754361,-0.139081762,0.896797167,-0.539983307,-0.434484689,-0.216057612,-0.996784217,-0.548968882,-0.718022059,0.561858959,-0.907097264,2.52E-07,1.535083303,0.839958684
SZP2018025,-0.358666313,-0.896634139,0.918063721,-0.165057357,2.215519152,0.232339926,-0.640749496,0.874410027,-0.339630421,0.986330018,-0.527434886,1.964959786,-0.749416688,0.307211866,0.383981664,-0.388488797,-0.134823361,-0.742717669,1.536167505,-0.562673636,0.833103978,2.28538284,-0.661611875,-0.377946269,-0.813311455,-0.274168781,0.410277356,7.71E-07,1.476079982,-0.618196382
SZP2018026,-1.118928826,-0.413684478,1.733310737,-0.685455839,-0.231594397,-0.797419423,-0.582321326,-0.393037938,-0.446541109,0.822848157,-0.363294491,-0.462204806,-0.712551404,-0.977271549,2.006634323,-0.278239,-0.294418096,0.077289296,0.132465185,-0.612184064,-0.681182129,-0.102011732,-0.439907926,-0.364075262,-0.979339479,0.269556885,-0.516526049,-0.144393233,-0.23599908,-0.633301445
SZP2018027,-0.645119957,0.194722897,0.466483279,-0.739457447,-0.298089794,0.233738642,-0.622045313,-0.170424758,-0.214031716,0.569563356,-0.25444927,-0.279777784,1.342740528,-0.115800624,0.334022896,-0.170526019,0.711983167,0.631710106,0.176133188,-0.545866609,-0.714169697,-0.022602673,-0.522879674,-0.246077004,0.606352542,0.059134724,-0.493581667,-0.097824375,-0.160620063,0.252949141
SZP2018028,-0.833039021,-0.051855493,0.013029724,-0.277860519,-0.538829704,0.013350435,-0.714929585,-0.204448259,-0.169405236,0.404974239,-0.282730854,-0.210873675,-0.494320555,-0.792274749,0.158521814,-0.273028151,-0.069372214,-0.355850465,-1.09155818,-0.500668084,0.936718577,-0.113632103,-0.936973866,-0.359450033,-0.683114137,0.130194503,-0.426017077,2.59E-07,-0.619044711,-0.722115923
SZP2018029,1.237151417,0.278139703,0.261387244,-0.684562223,-0.305873588,-0.85534919,0.781399175,-0.161952297,-0.248269017,0.79555207,-0.230102021,-0.253091124,-0.516650072,0.110895983,-0.19782881,-0.189340156,0.161399926,-0.274903345,0.591240052,-0.554373786,0.913946031,-0.02616742,1.444955207,-0.300434197,-0.867454967,-0.8943091,-0.536985097,-0.087771389,-0.21418116,-0.749606885
SZP2018032,-0.944956181,-0.238184489,0.330051157,0.061116001,-0.486869224,-0.873933948,-0.688014425,-0.297541534,-0.190094643,-0.6314222,2.125966021,-0.297880618,-0.560727354,-0.866078786,-0.470694468,-0.28640874,-0.165516554,1.785499041,0.047159464,-0.512676299,-0.631646775,-0.154184603,-0.815567247,-0.32397801,2.220659726,0.719178142,-0.167186724,4.31E-07,-0.528684961,0.413095366
SZP2018033,-0.173684006,-1.076878934,0.828616304,1.548812816,-0.259538321,-0.866149512,-0.604001188,-0.296798921,-0.432217621,-1.402678698,-0.289722965,-0.356786148,-0.650425329,0.328430536,0.314962703,-0.275188534,-0.29319032,-0.332027777,-0.880653557,0.858516116,-0.592068974,-0.080445261,1.477890287,-0.415484347,0.011309801,-0.841388905,3.089254112,-0.112592463,-0.301126898,2.870248374
SZP2018034,-0.839324525,-0.066963453,0.085408119,-0.250485021,-0.548163032,-0.970869435,0.48055593,-0.193091985,-0.177209236,-0.846630556,-0.266230135,-0.195590604,-0.487936647,-0.762595719,-0.422805453,-0.280542514,-0.26976337,0.616733304,-1.106171669,-0.50228761,-0.520663789,-0.114433657,0.001937923,-0.386532697,0.678643276,-0.144023623,-0.309873439,2.28E-07,-0.67058526,-0.70720253
SZP2018035,-0.384697528,0.538454969,1.018696714,-0.340512958,-0.203805759,0.42658834,4.583695759,-0.519186542,-0.473157771,1.194597051,-0.452317307,-0.592989762,0.32521886,-0.212855441,-1.317045773,-0.286517603,0.443900064,-0.153245098,-0.783188087,-0.623016011,0.546793795,-0.133735108,-0.361750275,-0.322581584,-1.020630717,-0.957825455,4.885763778,5.409680757,-0.184800985,-0.63691301
SZP2018036,-0.508360682,-0.303004343,0.081320541,-0.437443981,3.189037866,-0.8563924,0.645055713,-0.431416321,-0.271180173,1.034280689,-0.433677982,-0.390472477,0.831168741,0.191203162,-0.623521664,-0.345093255,-0.45400887,-0.02365167,-0.16354741,-0.540671842,2.176413841,-0.252248858,-0.749167611,-0.369640547,0.277900211,0.589646512,2.353989975,5.94E-07,-0.571472976,0.594558435
SZP2018037,-0.028104724,0.958143444,0.817043091,0.147341306,-0.466245127,0.213242838,-0.675642664,-0.337612229,-0.180264836,-1.701452089,1.721073831,-0.345063454,0.947860545,-0.927807699,-0.466400405,-0.276389975,-0.510912015,-0.400935669,0.679473284,-0.51182488,-0.698671042,-0.159048001,-0.749510824,-0.282097996,1.286509145,1.745027209,0.953423673,5.36E-07,-0.448691325,5.278711917
SZP2018038,-0.744074442,-0.061050655,-0.67962988,-0.419912201,-0.49527856,0.272550959,0.545181379,-0.258111265,-0.113326332,-1.374699187,-0.383580405,-0.303172688,-0.513893099,-0.165678478,-0.881084747,-0.217426623,-0.169762919,-0.885782134,0.940444912,-0.483947398,-0.765472636,-0.093811343,2.255940409,-0.209507304,-0.698764709,-0.275579682,-0.205629498,4.79E-07,2.100283984,0.142221757
SZPN2018006,-0.201758981,-0.506662162,-0.676594704,-0.354894055,-0.401670053,0.378251323,-0.640176747,1.840175936,-0.214218244,-0.163001213,-0.548332838,2.509551006,-0.685616956,-1.034226349,-0.322444165,-0.298038483,0.251140743,1.284151394,2.114406081,-0.529746323,0.488928624,-0.235295586,-0.60512206,4.418452359,1.256539241,-1.218122457,0.249416193,7.93E-07,-0.356235404,-0.733860529
SZPN2018007,-0.301289461,0.126645781,-0.807600784,-0.478705681,-0.40961579,0.235818771,-0.649087428,1.705269597,2.913808627,-0.694763787,-0.498280056,1.421252729,3.524837543,0.222537363,-0.903338406,-0.351420604,-0.485967096,-0.83044744,0.195622075,1.003545644,0.856044454,3.564577717,-0.677735266,-0.341340735,-0.791047759,-1.11638141,-0.500199566,7.27E-07,1.123956082,-0.656379173
SZPN2018010,-0.420081986,-0.680409194,0.662794417,-0.255082753,-0.417659548,0.054015647,-0.65807228,-0.515344022,-0.367405341,-0.285681961,-0.451154247,-0.425751023,-0.71688732,-0.809792919,-0.950987839,-0.410576867,0.095960251,-0.688718498,-0.983920311,-0.565317224,-0.580595564,-0.352100758,0.561018299,-0.458469307,1.393405287,-1.019388628,-0.768051175,6.33E-07,-0.695505763,-0.58397585
SZPN2018011,-1.313047415,1.95528458,-0.651570147,-0.551429738,-0.360076531,-0.700319755,-0.617446909,-0.687104788,-0.264685358,-1.052764343,0.612188895,-0.644329102,-0.774510473,1.4182378,-1.42622005,-0.331808174,-0.575592496,-0.842151237,-0.879507153,-0.548936962,0.099920606,-0.324965945,1.449688013,-0.247072811,0.84497224,-0.341194777,-0.959551405,7.21E-07,-0.336477522,0.451946133
SZPN2018013,3.328996778,2.977928887,-0.766827071,0.949194559,-0.434897004,3.000094924,0.596341061,-0.425621807,-0.219753732,-1.092996865,-0.460986855,-0.412144141,0.999368705,2.381507312,-0.313119623,-0.305647259,-0.572951559,-0.893629331,-0.972096198,2.115103455,-0.716108839,-0.212663963,0.734898876,-0.296208466,-0.761928031,2.063427272,-0.413978721,6.54E-07,-0.453525527,-0.709415917
SZPN2018016,0.599804523,-0.479250819,0.742906112,-0.322987339,-0.361731665,0.351248931,0.765199934,-0.713535346,-0.364661549,0.466740691,-0.605455105,-0.610323011,0.323134986,-0.952759806,0.915635116,-0.40179151,-0.692096956,0.732048654,-0.903547971,-0.572119165,-0.737994695,-0.418047176,-0.592133958,-0.355257987,-0.841788409,-0.104003397,-0.124711574,7.98E-07,-0.497630885,-0.614322688
SZPN2018019,0.004252193,-0.413163111,-0.596436538,-0.627233997,-0.340283802,0.612613795,-0.604523348,0.716755675,-0.260486476,-0.158098168,-0.720630069,0.442812383,-0.808503108,0.10905634,-0.552235025,-0.32644179,0.959591091,0.6538292,1.846359577,1.127542759,1.112992628,-0.344429731,-0.474610885,-0.216604475,0.216762559,-0.589594214,-0.876671356,3.88E-07,-0.281858043,0.424667343
SZPN2018020,-0.603571019,1.250437499,-0.709670734,1.353114103,-0.380589872,0.610116882,-0.630536577,1.045779329,-0.268929118,-0.848574076,1.341948935,-0.566298783,1.041522853,3.398459323,0.077176541,-0.337231188,-0.594279356,-0.916854158,0.182979257,1.938589912,1.582607123,-0.306167939,1.170838283,-0.280302518,0.240616014,-1.194730076,-0.044499696,8.08E-07,-0.397499555,-0.686368685
SZPN2018028,0.560936098,-1.08048919,0.765229405,0.377290668,-0.361881417,-0.819705314,2.957465368,-0.736523019,-0.44699873,0.452986336,0.901412161,-0.591002133,0.269209994,-0.873501223,1.265480946,-0.455594102,-0.502274865,2.861473731,-0.919056852,-0.588782476,-0.653320708,-0.493514835,0.971539488,-0.444319784,0.686709549,0.151697166,-0.043351667,8.08E-07,-0.630263385,-0.557577041
SZPN2018029,0.806626323,-0.356075287,0.179328425,2.254424219,-0.403443545,-0.811988059,-0.646300865,4.659677946,-0.30183944,-0.086481169,-0.507884975,1.344817792,0.518558457,0.622563538,0.690837232,-0.363513532,-0.570332901,0.129266241,-0.096718559,1.372069961,1.907543642,-0.311545422,-0.672338928,-0.35327761,0.333398606,-0.054754275,0.597494965,7.43E-07,-0.522841627,-0.643500045
SZPN2018034,0.353628918,-0.194209571,0.275654003,-0.37873268,-0.40961579,0.788240655,-0.649087428,1.423564641,-0.284021812,0.910129108,-0.498280056,-0.467451603,-0.701147704,0.261295822,0.655703381,-0.351420604,-0.383706012,-0.67831183,0.360199481,-0.547354712,0.81096616,-0.289740497,-0.677735266,-0.341340735,1.03828027,-0.165689266,-0.302571253,7.27E-07,1.44556798,-0.656379173
SZPN2018035,2.289788974,2.940854459,-0.751436542,-0.438681101,-0.303236588,0.819164641,-0.589420216,-1.03288848,-0.47962755,-0.513799401,0.746135867,-0.841988056,-0.962009783,0.465809044,-1.475382266,-0.467391015,-0.749002169,-1.505025888,0.137156596,-0.603786779,-0.812930704,-0.62250624,-0.480793545,-0.361294739,-0.911341354,-0.427405726,-1.072932125,-1.16E-07,1.554066214,-0.569089274
SZPN2018043,0.561728561,-0.617635128,-0.752320738,-0.56046307,-0.2047344,-0.708975124,-0.558820777,-0.503818735,-0.423434349,1.336991193,-0.461631593,-0.598451847,-0.769780665,-1.108610453,0.198115961,-0.263744155,-0.282937861,-0.14324223,-0.777091569,-0.612997332,0.3925689,-0.115109355,-0.346931355,-0.282573876,-0.095093765,-0.992545225,-0.423965463,-0.188574427,-0.152989032,0.601155134
SZPN2018047,0.773393652,-0.512529148,-0.653547125,-0.194373279,-0.417168964,0.450008244,-0.64711692,-0.461147617,-0.180179872,0.594634012,-0.523371491,1.43772829,-0.647378679,-1.049401658,-0.003996585,-0.271954269,-0.499233717,1.469677815,0.097710004,-0.517429298,0.222544019,-0.192104779,-0.617944627,-0.222529242,0.334139625,-0.321827144,0.101926736,7.66E-07,-0.32851024,-0.768928454
SZPN2018048,-0.327551551,-0.604073792,0.798625212,-0.537836522,2.615518863,0.383466668,0.656665558,-0.496075117,-0.20011048,2.201689434,-0.5382627,-0.496516801,0.580666968,-0.000553982,0.008545626,-0.287415542,0.54005763,1.401487382,-0.929422266,1.223061854,-0.827295758,-0.217292455,-0.610234255,-0.236136191,-0.7793365,-0.348858931,1.132307881,7.84E-07,-0.344971735,-0.747773072
SZPN2018050,5.5750735,0.814861414,0.377648521,-0.241719746,-0.211739063,0.456471455,-0.564961013,2.475613937,1.796512533,-0.419970914,-0.434556187,-0.560409058,1.089774508,1.828158306,-0.291552061,-0.266071043,-0.139463419,0.179291179,0.234069313,1.32178564,0.850643401,-0.110370761,-0.36942031,-0.300338312,0.461597661,3.014158774,-0.447160787,-0.17623981,-0.170546461,-0.662666109
SZPN2018051,0.191637171,-0.235026062,3.056749674,-0.282432338,4.640040918,-0.803965104,0.953971464,1.054658596,-0.60045894,0.747543802,-0.41223241,-0.552645711,0.256753055,-0.942486303,0.090753796,-0.344459297,0.202439454,0.127313149,0.580594417,-0.645236491,-0.650305962,-0.178773322,2.326025047,-0.442726709,0.423933188,0.961803139,1.435193482,-0.166128895,-0.292011433,-0.559926272
SZPN2018052,-0.254851329,-0.677854796,3.514128168,-0.780836946,-0.168842048,0.542135625,-0.532707802,-0.760690299,1.061613274,0.41797794,1.017225875,1.30884419,-0.928562783,-0.27064357,0.183917802,-0.348371748,0.259691352,0.796590074,1.441012101,-0.658257783,0.515123042,-0.241343412,-0.297550415,-0.35382797,1.27451783,0.139029949,-0.144051832,-0.238502628,4.375285156,-0.577448351
SZPN2018053,-0.306566938,-0.182690507,-1.010070013,-0.550445381,-0.24817367,0.077315064,-0.597346286,-0.341801862,1.216096076,1.676638325,-0.306954802,-0.387965289,-0.688771315,-0.878619761,0.881215472,2.722940488,0.315643011,0.035906296,3.556285103,-0.617687952,0.999937553,-0.104126513,-0.512923902,4.040435993,-0.963578948,0.301505174,1.002961573,-0.119924339,2.788549799,-0.592465404
SZPN2018055,-0.614146829,-0.530173858,-0.965610285,-0.288153342,-0.202982593,-0.805059021,-0.564211641,1.022794006,1.238328731,0.20024596,-0.420771318,1.099441739,0.179942419,0.074201734,0.513480517,-0.356398875,-1.152126565,-0.332365718,0.765623199,-0.650847771,0.592122287,-0.194774053,-0.410537722,-0.456785871,-1.038604535,-0.860628675,-0.921758096,-0.169966638,-0.302126965,0.959188045
SZPN2018056,-0.215994707,-0.656350548,-0.988711841,-0.685997546,-0.195279388,0.286646299,-0.559101658,-0.606596815,-0.688045432,0.136746671,-0.438180092,-0.601527836,1.672421924,-0.925362107,-0.270573221,-0.381064973,-1.174606923,0.177105582,0.402925613,-0.662158492,-0.635190142,-0.229746863,2.40117991,-0.485730673,3.361984446,0.183529459,-0.912753766,-0.177830238,-0.323039218,-0.525264084
SZPN2018059,-0.88717486,0.313450133,-0.971356783,2.189646502,-0.201037362,0.284666695,-0.562931474,-0.5670064,-0.643353741,-1.22327123,1.757576053,-0.57678043,0.493923141,1.444225269,-0.161527946,-0.362466772,-0.440838547,-1.095815529,-0.801645762,1.937144638,-0.642721252,-0.203141852,-0.408485216,-0.463918524,1.171148913,-0.857858998,-1.529141369,-0.17190895,-0.307269634,-0.542427268
SZPN2018060,-0.616792657,-0.698092757,-0.085261715,-0.608810865,-0.201037362,0.210688624,-0.562931474,-0.5670064,2.195102693,-0.029775495,-0.42508208,0.921107457,-0.837984979,-0.933901797,-0.500843818,-0.362466772,1.744827032,-0.22132887,0.25199725,-0.653664426,1.104426669,-0.203141852,-0.408485216,1.432757095,0.060571099,0.39086662,3.769933058,-0.17190895,-0.307269634,-0.542427268
SZPN2018061,-0.663810603,0.256269899,0.204322175,-0.013136835,-0.196080706,0.489417669,-0.554760956,-0.56959965,-0.52308541,-1.371450149,1.27108867,-0.626660994,0.529849416,0.130093894,0.095739651,-0.307973979,-1.10345034,4.386996178,-0.77528447,0.840434848,-0.763834901,-0.160579738,-0.35417826,-0.345867128,-1.037753763,0.282218336,-0.503913876,-0.192628013,-0.199871967,0.74089042
SZPN2018063,-0.457593458,-0.251490432,-0.959883076,-0.837171838,-0.204940826,-0.804511956,-0.56549359,1.499657948,0.876320602,-0.245033619,-0.416488108,2.162696253,-0.820564929,-0.047276815,-0.372849077,-0.350396442,-0.203799476,1.05780644,0.338771827,-0.648038461,0.5952185,4.047339275,-0.412596291,1.45973048,-0.190803531,0.058737192,-0.791752181,-0.16803997,-0.297040953,-0.554055889
SZPN2018064,0.245756325,0.293128977,-0.819602504,-0.309339978,-0.197992551,0.964376518,0.978842765,1.892986906,1.040705651,-0.414355324,1.39403772,2.611571713,4.222934187,0.097734778,-0.303180077,-0.302514499,-0.330385657,-0.28346424,0.400870814,0.727931625,0.413807254,-0.153529803,-0.356062069,2.643175373,2.549229001,-0.949006365,-0.193333556,-0.190523357,-0.196026764,0.703997236
SZPN2018065,-0.653748796,4.44957621,0.466408858,-0.384983451,-0.19042241,0.912082791,0.95577782,0.889956798,1.069351859,-0.662037826,1.210291891,0.65871104,0.217594369,3.147601796,0.082977501,-0.324736711,-0.386655365,0.081473868,0.446456203,2.914801252,0.298204262,-0.1831305,-0.348563634,-0.364022504,0.716945744,0.778043287,-0.500846433,-0.199039207,-0.211720893,1.608485186
SZPN2018066,-0.007455903,0.118004138,-0.898160775,-0.760525352,-0.227347969,0.256494795,0.864747192,-0.413966632,-0.470259347,-0.327596558,-0.371179251,-0.476603458,-0.728581511,-0.971424399,-0.625396681,-0.288638456,-0.324480305,-1.087147784,-0.828013735,-0.61761971,-0.675976296,-0.112655689,-0.435639791,-0.376511525,-0.987686602,0.009397574,-0.842809132,-0.147864317,-0.244784635,-0.620695228
SZPN2018067,0.888511966,-0.553280027,-0.091787398,0.034296866,-0.197185791,-0.806701487,-0.560376483,-0.593219093,-0.672947757,-0.146816841,-0.433786426,-0.593210552,-0.855619308,0.018725808,0.972919733,2.16434803,-0.467723276,0.624376549,1.30786052,0.574954084,-0.637694561,-0.220625748,-0.404398413,-0.478390768,-1.051556684,-0.852335162,0.813160074,-0.1758407,-0.3177256,1.03262708
SZPN2018071,0.276343646,-0.391557859,0.227615959,-0.117685319,-0.361881417,0.96643699,1.698511067,-0.736523019,-0.44699873,1.366242158,-0.578307069,-0.591002133,0.259112805,1.299111863,1.002965171,-0.455594102,-0.525757627,0.644015785,-0.919056852,1.68929106,-0.653320708,-0.493514835,1.152418291,-0.444319784,-0.851225631,0.100058644,0.159863636,8.08E-07,-0.630263385,1.016699843
SZPN2018074,-1.674509447,-1.222422823,-0.788837757,-0.520268168,-0.335086345,-0.75159478,-0.608834341,-0.850320078,-0.426743922,0.171461586,-0.672433603,-0.703973305,-0.878661744,-0.966002963,-0.717088376,1.517555157,-0.711205555,-0.782634309,0.042949203,-0.58871587,-0.756005389,-0.515752876,1.368156319,-0.371626027,-0.87369126,-1.142152085,-0.340141966,6.49E-07,-0.502785014,0.821402875
SZPN2018078,0.674220622,-0.85866472,-0.81459829,1.431484121,-0.321622465,0.333920799,-0.602146999,0.165957513,1.505370424,0.008697884,-0.701452681,2.298079988,-0.924372629,0.2290405,0.727422159,-0.474121809,-0.756566264,1.04010062,0.569628729,-0.602041301,-0.742200549,-0.595070443,-0.53593643,-0.403628965,0.073131337,3.488931428,-0.031542444,5.11E-07,-0.538880147,-0.555046555
SZPN2018081,1.155152106,-1.116062002,-0.892887427,0.350950808,-0.361881417,0.190940935,0.973187895,-0.736523019,-0.44699873,-0.302125323,0.988590532,-0.591002133,-0.834138417,0.371152439,-0.966515788,-0.455594102,6.340603433,-1.533847927,-0.919056852,-0.588782476,1.273300493,-0.493514835,2.209456573,-0.444319784,-0.851225631,0.381207296,-0.645974172,8.08E-07,-0.630263385,-0.557577041
SZPN2018084,-0.860658082,-0.937874679,0.340564367,-0.493246003,-0.376396229,0.185509945,-0.633851042,-0.663150658,-0.390982626,-0.511122903,-0.552512956,-0.55052819,-0.791108559,0.129367303,-0.147700176,-0.421201916,-0.199170846,-0.67173325,1.033783957,-0.575637647,-0.666117103,-0.422579977,0.985193552,1.761204666,-0.832142279,-0.22648985,0.274059358,7.97E-07,-0.590491983,0.846498187
SZPN2018092,0.1955687,0.303817918,0.41974793,-0.531591822,-0.299350263,-0.688891584,-0.585736651,1.161512152,-0.452626659,-0.574605096,-0.80039971,-0.869149598,2.254008078,-0.076167646,-0.250138954,-0.449926031,1.967089158,-0.5653728,-0.825201169,-0.599294466,0.140254551,1.225629552,-0.458845259,-0.329566291,0.643987932,-1.208017414,0.543438477,-4.53E-07,-0.41729881,-0.588248826
SZPN2018095,-0.179170399,-0.044244095,0.805269492,0.479472365,-0.420313122,0.381952023,0.871929831,1.416025519,-0.173858848,0.39400683,1.290901764,-0.467260088,0.680243459,0.500530649,1.851728792,-0.266925837,0.104427413,1.86292628,3.575997309,1.248738308,-0.83905312,-0.184184538,-0.620525946,-0.218115312,-0.76482526,-0.176322063,0.771436846,7.59E-07,2.392367289,-0.776056695
SZPN2019001,-0.490594088,-0.937194741,0.44408058,-0.346440595,-0.371775083,0.363007228,-0.626432209,0.948115918,-0.294985256,-0.585106129,-0.600406044,1.842793635,0.949438509,-1.004243524,-0.740000405,4.805818362,-0.429911838,-0.661344592,1.149435337,-0.554917187,0.412386404,3.2356205,-0.579899592,-0.296160872,0.5138861,-0.427054424,-0.011441615,8.02E-07,2.229755795,0.605774334
SZPN2019005,-0.153635256,0.174021895,0.922759761,-0.354872978,1.893610697,0.213703247,0.714180923,-0.62133168,-0.359617865,3.162294534,1.019394813,-0.527059227,0.378919799,0.669769168,-0.317477108,-0.401373846,-0.398097895,-0.863479114,-0.936548877,1.141259909,-0.673866664,-0.383201996,-0.65628126,-0.390680884,-0.82081348,-0.275669484,-0.466890462,7.83E-07,-0.56738189,-0.605771361
