ID,k__Bacteria;p__Firmicutes;c__Erysipelotrichi;o__Erysipelotrichales;f__Erysipelotrichaceae;g__[Eubacterium],k__Bacteria;p__Actinobacteria;c__Coriobacteriia;o__Coriobacteriales;f__Coriobacteriaceae;g__Collinsella,k__Bacteria;p__Firmicutes;c__Clostridia;o__Clostridiales;f__Lachnospiraceae;g__Anaerostipes,k__Bacteria;p__Firmicutes;c__Clostridia;o__Clostridiales;f__Lachnospiraceae;g__[Ruminococcus],k__Bacteria;p__Firmicutes;c__Clostridia;o__Clostridiales;f__Lachnospiraceae;g__Ruminococcus,k__Bacteria;p__Firmicutes;c__Bacilli;o__Lactobacillales;f__Lactobacillaceae;g__Lactobacillus,k__Bacteria;p__Actinobacteria;c__Coriobacteriia;o__Coriobacteriales;f__Coriobacteriaceae;g__Adlercreutzia,k__Bacteria;p__Firmicutes;c__Clostridia;o__Clostridiales;f__[Mogibacteriaceae];g__Mogibacterium,k__Bacteria;p__Firmicutes;c__Clostridia;o__Clostridiales;f__Ruminococcaceae;g__Faecalibacterium,k__Bacteria;p__Actinobacteria;c__Actinobacteria;o__Actinomycetales;f__Corynebacteriaceae;g__Corynebacterium,k__Bacteria;p__Bacteroidetes;c__Bacteroidia;o__Bacteroidales;f__[Paraprevotellaceae];g__[Prevotella],k__Bacteria;p__Firmicutes;c__Erysipelotrichi;o__Erysipelotrichales;f__Erysipelotrichaceae;g__Bulleidia,k__Bacteria;p__Actinobacteria;c__Actinobacteria;o__Actinomycetales;f__Actinomycetaceae;g__Actinomyces,k__Bacteria;p__Firmicutes;c__Clostridia;o__Clostridiales;f__Lachnospiraceae;g__,k__Bacteria;p__Bacteroidetes;c__Bacteroidia;o__Bacteroidales;f__[Odoribacteraceae];g__Butyricimonas,k__Bacteria;p__Firmicutes;c__Clostridia;o__Clostridiales;f__Ruminococcaceae;g__Ruminococcus,k__Bacteria;p__Firmicutes;c__Clostridia;o__Clostridiales;f__Lachnospiraceae;g__Roseburia,k__Bacteria;p__Proteobacteria;c__Deltaproteobacteria;o__Desulfovibrionales;f__Desulfovibrionaceae;g__Desulfovibrio,k__Bacteria;p__Actinobacteria;c__Coriobacteriia;o__Coriobacteriales;f__Coriobacteriaceae;g__Atopobium,k__Bacteria;p__Actinobacteria;c__Coriobacteriia;o__Coriobacteriales;f__Coriobacteriaceae;g__Slackia,k__Bacteria;p__Verrucomicrobia;c__Verrucomicrobiae;o__Verrucomicrobiales;f__Verrucomicrobiaceae;g__Akkermansia,k__Bacteria;p__Proteobacteria;c__Deltaproteobacteria;o__Desulfovibrionales;f__Desulfovibrionaceae;g__,k__Bacteria;p__Firmicutes;c__Bacilli;o__Turicibacterales;f__Turicibacteraceae;g__Turicibacter,k__Bacteria;p__Firmicutes;c__Erysipelotrichi;o__Erysipelotrichales;f__Erysipelotrichaceae;g__,k__Bacteria;p__Firmicutes;c__Clostridia;o__Clostridiales;f__Lachnospiraceae;g__Coprococcus,k__Bacteria;p__Firmicutes;c__Clostridia;o__Clostridiales;f__Ruminococcaceae;g__Subdoligranulum,k__Bacteria;p__Bacteroidetes;c__Bacteroidia;o__Bacteroidales;f__Rikenellaceae;g__,k__Bacteria;p__Firmicutes;c__Clostridia;o__Clostridiales;f__Lachnospiraceae;g__Clostridium,k__Bacteria.p__Proteobacteria.c__Gammaproteobacteria.o__Aeromonadales.f__Succinivibrionaceae.g__Succinivibrio,k__Bacteria.p__Firmicutes.c__Clostridia.o__Clostridiales.f__Lachnospiraceae.g__Butyrivibrio
SZH2016001,-1.081141793,-0.069895183,1.568225835,0.080388716,-0.518527554,-0.700373445,1.591632832,-0.448222276,0.186711361,-0.456619046,-0.448081241,0.664149359,0.759140794,1.681268498,-0.409155426,0.081291294,0.579268961,0.555005111,1.028961308,-0.689581256,-0.613923302,-0.252595655,0.76683298,0.531715911,1.343790904,-0.139301659,-0.421344632,0.420171854,-0.201119445,-0.206264356
SZH2016003,-0.804176274,0.06224106,-0.747736189,-0.339183738,1.249797365,0.559268316,0.248756507,-0.233867559,-0.34269178,-0.35181503,-0.37971548,-0.557919747,-0.899122141,-0.455742451,-0.4766455,-0.419435148,-0.193542563,0.261287907,-0.475476728,-0.726807405,-0.671196414,-0.239315423,1.564011401,-0.425645908,-0.528082082,-0.142809764,-0.520028684,-0.735830112,-0.106754559,-0.072106966
SZH2016004,-0.63240169,0.142507184,0.306987761,-0.475125952,2.229648376,-0.668524134,0.643595356,-0.144573224,0.815748703,-0.246149235,-0.332510412,-0.437859626,-0.867142575,0.316060158,-0.416751161,4.823282399,2.320864591,1.054632989,-0.389654391,-0.686084773,-0.663681854,-0.246426058,0.779052442,-0.01752109,-0.34694738,-0.193487267,-0.476310232,0.426869415,-0.159437769,-0.016773657
SZH2016007,-0.872809383,-0.324828878,0.718439264,-0.05874061,0.93613259,0.545833562,0.523465342,-0.28015708,-0.979509263,-0.3546455,-0.381983699,-0.583529729,-0.864654309,1.024507346,1.235284849,0.1286737,0.450388264,0.050008515,-0.475988714,-0.66890988,0.695471381,-0.250329535,0.837279194,0.369599703,-0.214389563,4.918147254,-0.524720207,1.017739574,-0.132204533,-0.103964966
SZH2016010,-0.80404454,-0.019537731,-0.800044642,-0.683408062,-0.454759739,-0.681749319,2.052796506,-0.253493769,0.40971013,-0.307514515,-0.378967712,1.298649367,0.112288402,0.156165194,-0.369808602,1.07084441,2.108551835,1.121776516,-0.433782159,0.892984061,-0.618436816,-0.255472722,-0.791346981,0.044867782,-0.593118631,-0.187199633,-0.404834944,0.32299503,-0.242540621,-0.046679024
SZH2016012,0.241055642,-1.166140774,0.422725371,0.358354798,-0.542805331,-0.686001135,-0.801800783,-0.228471854,-0.640636383,-0.351462241,-0.379432546,-0.554767812,0.755283061,-0.622004889,-0.476713888,-0.40721034,-0.224384507,-0.908756597,1.552733331,-0.734246769,-0.668005143,-0.237962109,0.847875579,0.284689313,0.871056423,-0.139547345,-0.519444065,0.571855518,-0.103853316,-0.068734299
SZH2016023,-0.063785348,-0.543149018,-0.623123356,-0.175434688,2.031315668,-0.736619411,-0.627289138,-0.449586151,-0.219907172,-0.508645155,-0.479817246,-0.728507644,-1.059660128,0.233369686,-0.378724448,-0.370738485,0.144671422,-0.893727592,-0.577242688,-0.786443924,1.326004134,-0.237860305,-0.887775601,-0.340914348,-0.342405805,-0.09421593,-0.369423479,-0.768626253,-0.18778941,-0.185099653
SZH2017005,-0.099339405,-1.343266357,1.672300465,-0.490830709,-0.498171337,0.410428593,-0.626611875,-0.44132045,0.020648997,1.060672508,-0.479490576,0.711274424,0.412596281,2.613527192,1.811208359,1.064868926,3.04952033,-0.00813086,-0.577170626,-0.794237668,-0.538384281,-0.236512568,1.858742577,-0.054345745,0.052423108,-0.091827905,-0.36895153,0.323025305,-0.183402945,-0.178247057
SZH2018002,-0.812576574,0.015229994,0.507669122,-0.275712201,-0.543850996,-0.682489689,0.448115606,-0.239349094,0.240060167,-0.352168045,-0.379998546,1.096095874,-0.894771034,-0.877354326,-0.476577118,1.239989359,-0.587505211,0.018018962,-0.475540708,-0.719413049,-0.674395674,-0.240673934,0.977982885,-0.317473952,-1.336499135,-0.146127328,-0.520613707,-0.73376091,-0.109716535,-0.075608378
SZH2018004,-0.923508703,-1.199282495,1.45416621,-0.238672324,1.179757426,-0.643665071,0.648917896,-0.314727144,0.784076384,-0.335503163,-0.36959617,1.002516731,0.751227412,6.691317774,-0.493045,0.542818257,0.043041734,-0.822762354,1.75980582,-0.587578434,-0.756396276,-0.265798327,-0.616605238,-0.399066481,0.6392292,-0.226995875,-0.559637351,2.430776167,-0.157796654,-0.13953121
SZH2018006,0.956323681,0.061683924,0.319467248,0.037065296,-0.487508992,-0.64782912,-0.900423018,-0.115364646,-0.451066802,-0.21193891,-0.305385141,-0.400244882,-0.808416254,0.512770496,4.468824636,-0.112771433,-0.311254083,-0.832629109,-0.362259481,-0.651154144,0.910543866,-0.25016768,-0.58585573,0.076506767,-0.284899293,-0.228292633,2.204999989,0.451575567,-0.140398452,-0.012222018
SZH2018008,-0.57153533,-0.884349875,0.107250221,-0.050788071,-0.487019945,1.704515449,-0.899583788,-0.112114914,0.829834717,-0.211686908,-0.305138877,-0.397681789,-0.812518183,-0.753236129,-0.449637939,-0.083165306,-0.457202589,-0.836997064,-0.362205559,1.616108123,0.638409428,-0.248773236,-0.584772864,0.619795514,0.29989982,-0.223745467,-0.53158306,-0.740618639,-0.136839524,-0.011463895
SZH2018009,-0.601502045,0.433112853,0.571275215,-0.408708915,-0.479586063,0.683998667,0.691874787,-0.127583337,-0.637101216,-0.228475756,-0.31863514,-0.417466603,0.482790066,0.811130327,-0.432998871,0.623413347,0.889840889,0.379885164,1.888241948,-0.672015652,0.723870241,-0.247597776,0.725835576,-0.13912648,0.246957601,-0.208237142,1.087208834,-0.747439718,-0.147826022,-0.013899898
SZH2018010,0.355295469,-1.103480778,0.111753483,-0.118899984,-0.569765673,3.256510862,-0.904982181,-0.184872574,0.083070981,-0.288575535,-0.336596946,-0.500337674,-0.799821872,-0.17559142,-0.530525133,-1.208411233,-0.317159905,-0.882128619,-0.429462342,-0.655395145,0.541567008,-0.24829128,-0.531233512,-0.481476487,-0.661459419,-0.196742551,-0.611447245,-0.707543097,-0.092613421,-0.056186772
SZH2018020,-0.637079053,0.174311233,0.64101617,-0.358767632,-0.453952935,-0.702017018,0.456244823,-0.149138422,-0.25395991,-0.281754275,3.122966625,-0.457792926,-0.959634375,-0.035131637,-0.385899795,-0.203171631,-0.418715583,-0.877532607,-0.41791429,-0.774935322,-0.590744894,-0.233267196,-0.728111075,0.445829206,-0.50043744,-0.138665331,-0.420639314,0.433996537,-0.151920149,-0.014889407
SZH2018021,-0.649387909,-0.050548588,-0.761620307,-0.651226467,1.339237922,0.560413889,-0.799116577,-0.154841883,-0.538870527,-0.26413557,-0.346232393,-0.453289885,-0.903949793,-0.642234066,2.23774576,1.792848793,0.015854614,0.425995245,-0.403743689,-0.714927656,-0.63282449,3.818609958,-0.695294002,-1.055324959,-0.320280712,-0.171849364,2.68857962,0.296212358,-0.163527317,-0.017863584
SZH2018023,-0.610851681,1.662649855,-0.781074127,-0.485927279,-0.470785088,0.570800398,0.270969155,-0.133273542,-0.84225127,-0.245312782,-0.331730378,-0.429754323,0.34408236,-0.677749482,-0.41693983,-0.296593828,-0.451270636,0.161629333,-0.389484968,1.310532101,1.234209516,-0.242300641,-0.655233687,-0.17315005,3.72267637,-0.181501617,1.519618652,-0.760616845,-0.14793413,-0.013929379
SZH2018026,2.052514779,2.291375347,-0.792832782,0.037305686,-0.552407616,-0.67109725,-0.836459009,-0.220110719,-0.498781456,-0.330055249,-0.365161099,-0.540358407,1.334706351,-0.934851392,-0.494163113,-0.472349929,-0.843473656,-0.893759782,-0.459855448,0.705719741,-0.703013261,-0.243195274,1.697023725,-0.03381478,0.265970156,-0.161817928,-0.549901575,-0.724959126,-0.103770144,-0.068623043
SZH2018028,0.139573177,-0.221511301,-0.885273726,-1.355386883,1.433562037,0.575029464,-0.69714494,-0.42654196,0.00936929,-0.357077708,-0.415071415,-0.630695711,-0.899970253,-0.272904387,-0.3399203,-0.558260499,-0.554226122,-0.739880279,-0.465499005,-0.582814182,-0.619435159,-0.276287653,-0.901789266,-1.054966373,-0.649372032,-0.225406744,-0.365855637,-0.736274166,-0.378263823,-0.130509081
SZH2018029,-0.278203025,-0.360268091,0.134244258,0.150603842,-0.44936545,-0.667925768,-0.699312977,-0.451103566,-1.066545767,-0.358147524,-0.415969284,-0.640951781,-0.886945989,-0.107600912,-0.339754628,0.275573894,-0.263098443,0.535814953,-0.46568845,-0.563529838,1.740165497,-0.280790159,-0.90599505,2.113904709,-0.415974075,-0.239305108,-0.367265038,1.949056056,-0.399805478,-0.147466445
SZH2018030,-1.010281077,-1.242264805,0.320157924,-0.322209831,1.207389057,-0.644564319,-0.820760759,-0.382416878,-1.156902756,-0.359991774,-0.386259357,-0.633449923,0.467126652,0.710596332,-0.475074257,-0.185245352,2.089411322,-0.802490096,-0.476949605,-0.568040955,-0.746784735,-0.27188802,-0.659888514,-1.243865639,-0.704285011,-0.233818774,-0.533586739,0.558601992,-0.191468155,-0.190716932
SZH2018031,-0.718092684,-0.93900435,-0.241357366,-0.146364271,1.442121782,-0.616010614,-0.916454132,-0.191175648,-1.173289418,4.061471102,-0.310088624,-0.450934452,1.050833504,-0.680795836,-0.448320237,-0.656605463,-0.222811637,-0.752169916,-0.363284971,-0.52718918,0.651500896,-0.277665025,-0.606662059,-0.002522039,-0.423097826,-0.326854609,-0.543519771,0.54171685,-0.221341386,-0.037423361
SZH2018032,-0.744389939,-0.012500997,-0.151420295,-0.402021887,-0.488841848,-0.626839907,-0.881546274,-0.208659937,0.015760322,-0.233556414,-0.323469018,-0.469481892,-0.762208793,0.600469592,-0.431776185,1.287484911,2.955089838,-0.757459224,-0.376820107,-0.545555979,-0.751784905,-0.274909508,0.762911679,-0.318198329,-0.766078667,-0.301277801,-0.514443542,0.514739271,-0.23155402,-0.041729096
SZH2018034,0.234264246,-1.06944337,3.677396602,-0.49412286,-0.461349383,0.602078923,0.453657165,-0.342604804,0.131789884,-0.31206519,-0.38293775,-0.573712348,0.20983884,-0.286945102,-0.368993002,0.636809379,-0.287640479,0.368813677,-0.434628623,-0.570227831,1.375871542,-0.275827762,0.644289954,-0.117171466,2.438454665,-0.249070687,-0.411878284,-0.726894481,-0.324111038,-0.092071234
SZH2018035,-0.757731301,1.020318073,0.263657162,0.116164609,-0.561045791,-0.659818063,2.27622584,-0.201959084,-0.729219035,-0.308861117,2.299876468,1.270770498,0.393275434,0.190595842,1.148648024,0.82241389,-0.222782854,1.636368736,-0.444496541,-0.676337875,-0.732248728,-0.245734376,-0.564437105,1.435438192,1.99720959,-0.178678634,-0.580177058,-0.716219868,-0.098070974,-0.062157488
SZH2018036,-1.048857659,0.238147277,-0.168479431,0.668427711,1.009378106,-0.637806566,-0.823946098,-0.413202045,1.207323603,-0.361426081,-0.387404546,-0.647183467,0.452874432,-0.64059989,-0.474801326,-0.507939231,-1.010446894,-0.785525111,-0.477206045,-0.542817891,-0.760354918,-0.277838699,-0.664555997,0.721421467,0.34481238,-0.252938155,1.072574378,-0.681163544,-0.209992854,-0.220578413
SZH2018037,-0.84977384,2.456391313,-0.932254244,-1.103610391,1.104241116,-0.641075986,0.142280263,3.720881175,0.599748893,-0.31244317,-0.35366328,1.449203931,1.105918896,-0.510804673,-0.51135907,-0.506813315,-0.895813178,-0.838944154,-0.445171742,1.742212687,0.497682079,-0.261235765,-0.576161256,0.974551069,-0.709317844,-0.22480947,-0.587080921,-0.69400656,-0.132005407,-0.103659085
SZH2018038,0.509563123,0.353852882,1.295173744,0.160781387,-0.475587778,0.596813515,0.372045815,-0.173613926,-0.781976374,-0.248108415,-0.334335044,-0.457142056,0.378279726,0.984683914,-0.41631114,-0.442845377,-0.06072422,0.191411267,-0.390049891,2.213985377,-0.686112365,-0.256235294,-0.666890112,1.58850963,-0.566174013,-0.223573825,-0.480197545,0.568703954,-0.188743653,-0.025415988
SZH2018039,1.645287955,-0.500247036,0.274832686,-0.251079556,-0.551205024,0.599163107,-0.814411806,-0.325321076,-0.29983323,-0.35713407,-0.383975313,-0.606516074,-0.835134958,0.057642865,3.828605216,1.100640896,1.507257071,-0.837059704,-0.476436981,-0.620596705,-0.720019742,-0.260242127,-0.650612844,-0.391922732,-0.169614784,-0.19857922,5.27861272,0.495479464,-0.157909973,-0.13972125
SZH2018040,-1.022779037,-0.318094465,-0.074136065,-0.624794524,3.325998711,-0.656678306,1.56631401,-0.421875824,0.053415427,-0.335791611,-0.40026392,-0.618464867,1.245093683,0.284634044,-0.353981905,2.627856642,-0.586924126,0.397386336,-0.450207687,2.093539244,-0.656246832,-0.283584484,-0.861793223,0.366402421,1.502488273,-0.261316014,-0.390876987,-0.721299016,-0.385153477,-0.13580701
SZH2018041,-0.972355692,0.080373336,0.136366233,-0.569210511,-0.463717087,2.344234636,-0.759574992,-0.378755128,0.639931042,-0.313700985,-0.384361883,-0.58990794,-0.831590104,-0.137101781,-0.368701995,-0.587117629,0.476837024,-0.725442755,-0.434931181,-0.538733732,-0.678022063,-0.283350469,-0.816225767,0.121382193,-0.574247991,-0.274153905,-0.414412334,1.618085814,-0.35708044,-0.114702785
SZH2018042,-1.158118529,-0.430308572,-0.73490416,-0.9422418,1.794158186,-0.71946183,1.021306317,-0.55169965,0.090493115,-0.455720408,-0.481569077,-0.724645495,0.191462437,-0.491635555,-0.286707747,-0.220982443,-0.333201398,0.782101024,-0.530691573,-0.663240593,1.453115504,-0.265410784,-0.114095743,0.239429646,-0.417405876,-0.153253774,3.218031195,-0.772178348,-0.438295349,-0.18009285
SZH2018043,-0.920449153,-0.174884322,-1.072496864,-0.487139075,-0.479801494,-0.625276941,0.25549054,-0.334520717,-1.046369092,-0.273910511,-0.355114624,0.947639448,0.422499406,-0.867822068,-0.398993192,-0.660840549,-1.322599571,-0.711174057,-0.405652712,-0.496758205,2.565461465,-0.290531473,-0.735621792,-0.285043866,-0.89422088,-0.329434671,-0.466838597,-0.697351596,-0.336672309,-0.100373774
SZH2018044,-1.155356096,-0.199057952,-0.950628341,0.827417032,-0.542514411,-0.653176451,-0.762180405,-0.507195777,-1.094894085,-0.410764315,-0.419766649,-0.708395528,-0.831151555,-0.512843621,-0.440628445,-0.686978825,0.980923369,0.348877655,1.125234862,-0.555033152,-0.714483299,-0.278300811,-0.746784199,-1.235139274,-0.379425286,-0.229022238,-0.481521365,0.610800486,-0.250979965,-0.290170882
SZH2018045,-1.016270141,-0.186270032,0.127426492,-0.49373805,2.129904254,-0.674870446,1.02008466,-0.418545422,1.42713485,-0.356721557,-0.414772391,-0.627299254,-0.904336017,-0.476155958,-0.339975535,0.146643663,-0.448472949,-0.74395507,-0.465435867,-0.589330237,0.988306011,-0.274797516,-0.900389834,0.256132642,-0.028508846,-0.220899046,-0.365386605,-0.738347529,-0.371250859,-0.12518904
SZH2018046,-0.239242107,-0.288649641,0.426096666,-0.684874604,1.4678938,0.716430481,0.567246722,-0.42654196,-0.781384057,-0.357077708,-0.415071415,0.680193687,0.132240018,-0.396002811,-0.3399203,1.188535759,-1.243514948,0.385896634,-0.465499005,0.930506912,0.985670916,-0.276287653,0.211849196,-0.194318657,-0.433862361,-0.225406744,-0.365855637,0.406965523,-0.378263823,-0.130509081
SZH2018047,-1.292445005,-1.40263397,0.243085231,0.106154196,-0.518894428,1.808782941,0.769976424,-0.639672238,-0.585274557,-0.491068348,-0.47037424,1.034139404,1.474431001,-0.856919264,-0.392511277,0.126943865,0.634855586,-0.783099762,1.333824138,-0.593162033,-0.639069667,-0.274511547,-0.876795806,-1.211963068,0.24006322,-0.184014495,-0.405022695,1.849866201,-0.303279955,-0.384401541
SZH2018048,1.360043954,0.195757593,-0.924506124,-0.231500704,1.430374627,-0.635103438,0.168099216,-0.107115323,0.53167956,-0.196484467,-0.292737834,-0.38598399,-0.773953253,0.777837147,-0.46646813,-0.149739011,0.943318897,0.230785612,-0.349115911,0.763934859,1.445849124,-0.254164833,-0.55292325,-0.332234043,-0.17885946,-0.254520702,1.058321002,-0.727646831,-0.136737384,-0.011439001
SZH2018049,0.598649461,-1.171392468,-0.910792788,-0.728250045,1.563479791,-0.672314879,-0.672409773,-0.517045036,1.582684267,-0.382922175,-0.433277019,-0.678052276,0.268721127,-0.674978891,-0.325686375,-0.515654145,-0.292218848,-0.716847032,-0.481754115,-0.557034737,1.003267005,-0.2840529,0.163139134,-1.054093621,-0.648577078,-0.236860172,-0.34639315,-0.730636218,-0.445398665,-0.186298589
SZH2018050,-1.127861052,0.216209461,-0.910792788,-0.600944573,-0.443677605,-0.672314879,-0.672409773,-0.517045036,0.498630225,-0.382922175,-0.433277019,-0.678052276,-0.902248063,-0.49745503,-0.325686375,-0.438308924,-0.549553608,-0.716847032,-0.481754115,-0.557034737,-0.613824136,-0.2840529,0.120264682,0.205751161,-0.342702158,5.757984338,-0.34639315,-0.730636218,-0.445398665,-0.186298589
SZH2018051,-0.765843459,-0.344585608,0.956969583,-0.25588959,-0.561579096,0.670826488,0.342256721,-0.20691859,1.747483863,-0.309185648,-0.350963658,-0.523140603,-0.826626297,-0.001167393,1.245555017,-0.263486712,-0.212872233,0.143468936,-0.444557896,-0.669255402,0.571413724,3.28008804,-0.565496867,-0.37962261,0.115121489,5.348987121,0.882785297,-0.714183366,-0.100849314,-0.065273366
SZH2018053,0.631542563,-0.440903478,-0.722768606,1.285521612,6.094515343,-0.689523208,-0.800232549,-0.217936215,-1.117023842,2.022690126,-0.378867072,1.621227852,0.945542812,-0.542738664,-0.476850682,-0.363800226,-0.904952711,-0.917958102,1.509294454,-0.749260642,-0.661646597,-0.235271046,-0.630031119,-1.214408586,0.473968587,-0.133186275,-0.518276042,1.153759869,-0.098230385,-0.062363407
SZH2018057,-1.281591244,-0.738257648,0.362007936,-0.572645836,-0.518386259,-0.683637675,-0.672004594,-0.629400477,0.63893253,-0.490633293,-0.470051476,-0.790809208,-0.919339466,0.162060147,1.720975525,0.828117151,-0.658007831,-0.787313273,-0.561181955,-0.599748036,2.108659278,-0.273027769,0.370860097,-0.440969836,1.274610871,-0.180100249,-0.404522379,0.564691037,-0.297201973,-0.373203295
SZH2018058,-0.192807685,-1.123565194,-0.876023494,-0.622456566,-0.447507352,-0.674870446,-0.696423158,-0.418545422,0.359073546,-0.356721557,-0.414772391,-0.627299254,-0.904336017,0.24204207,-0.339975535,-0.420229063,0.13633742,-0.74395507,-0.465435867,-0.589330237,-0.616377162,-0.274797516,1.073585293,0.611820162,-0.635498584,-0.220899046,-0.365386605,0.409730952,-0.371250859,-0.12518904
SZH2018061,-0.468612855,-1.212135992,0.681212528,-0.688138764,-0.427910788,-0.698787373,-0.613787848,-0.565174264,1.381790238,-0.431638444,-0.465981906,-0.718681807,-0.978425006,2.619268024,-0.299204732,-0.606900901,-0.352527317,-0.735229092,1.214118608,-0.60865327,-0.555457802,-0.275485833,2.480539238,1.962096414,0.582048042,-0.188821078,-0.302806083,0.329350165,-0.461672526,-0.201113006
SZH2018062,-1.107687881,-0.381018403,-0.892043011,-0.559890372,1.643328853,1.033826679,1.16380666,-0.499109283,1.936746767,-0.382177686,-0.432663112,-0.670966791,0.296664779,-0.522391607,-0.325793841,-0.082515134,-0.557129546,-0.724858148,-0.48162513,-0.569757191,1.037945883,-0.281022774,0.257617464,0.255617663,-0.332764319,-0.2275971,-0.345487756,-0.734767665,-0.429931192,-0.172707014
SZH2018067,-1.048349301,-0.148635141,0.231031575,-0.324443403,2.436954357,-0.686300505,-0.666771963,-0.447630561,2.501979101,-0.379949723,-0.430824584,-0.649978662,-0.937565054,-0.568638397,-0.326116375,0.695948491,-0.460095607,-0.749210003,-0.481238302,-0.60897978,-0.589707799,-0.272060921,-0.945708567,0.908763523,-0.311273068,-0.201298749,-0.342780713,-0.747244303,-0.385567441,-0.13618069
SZH2018068,1.56298086,0.21639038,0.44178801,-0.147182104,-0.504594549,-0.622527752,0.195803798,-0.09931883,1.536423271,-0.181832401,-0.280438053,-0.372049891,0.588611556,-0.448484146,-0.483753806,-0.224348088,0.42630904,-0.812839151,-0.336282702,-0.597341821,0.462328077,-0.258204587,-0.521149984,-0.112214378,0.32071992,-0.282696675,-0.593795528,-0.716847395,-0.133146677,-0.01070022
SZH2018072,-0.776641641,0.858407487,0.318263754,-0.350721485,-0.551879629,-0.672834299,0.681426827,-0.214934634,0.450632395,-0.329716663,-0.364885024,-0.53726775,-0.866691225,0.574336538,1.389070413,-0.447307282,-0.083417513,1.66624532,-0.459792787,0.47602582,-0.699743745,-0.241827154,1.10141915,-0.159959397,0.196712091,-0.158246188,1.25377273,-0.727013686,-0.100930706,-0.065380351
SZH2018074,-0.030050679,-0.472899046,0.628902093,-0.39630317,-0.51917722,0.423270426,-0.709524614,-0.310294678,0.202530152,-0.424510249,-0.427053552,-0.629533017,0.133853632,1.032822386,1.554304605,0.241495628,0.000734727,0.292328033,-0.524638622,0.59700182,1.078082097,-0.234551096,-0.750473078,-0.291743655,-0.176421989,-0.108360373,-0.439126139,0.402001316,-0.132503635,-0.104424684
SZH2018075,-0.752542685,0.217508857,-0.966469889,0.004039072,-0.581832187,-0.627543711,-0.945586674,-0.196292052,-1.13435659,-0.27096983,2.655445533,-0.498519281,-0.745900896,-0.730474274,-0.54885751,-1.269338215,-0.212886882,-0.849629871,-0.415103777,1.491284123,-0.813573428,-0.25935881,-0.505173539,-0.434531804,-0.861545443,-0.243615369,-0.647722592,-0.686936428,-0.103520928,-0.068289878
SZH2018076,-0.80148677,-0.361308031,0.892504875,-0.401982936,0.99315826,-0.667631114,0.666413008,-0.230717442,1.131454114,-0.330733095,-0.365713644,-0.5465724,-0.853949324,0.667457598,-0.494023263,-0.079110678,-0.78435937,-0.884698693,-0.459980788,-0.683290143,0.669686804,-0.245947161,-0.601078091,0.014188965,0.046259908,-0.169133704,0.9469049,-0.720860285,-0.109629843,-0.075488486
SZH2018077,-0.117792281,-0.27919204,0.608894209,-0.387953183,-0.46799789,-0.633735072,1.376756321,-0.449736852,1.389248572,-0.316659434,-0.386933634,0.8268751,0.366917863,0.421109108,-0.36817855,0.041854707,1.616326377,0.535400175,-0.435476117,-0.48478313,0.661534506,-0.297230091,0.752208022,0.326336413,-0.206880479,-0.32340861,-0.418998298,1.046207156,-0.421667791,-0.165536936
SZH2018078,-1.029311,-1.102512387,-1.036218275,-0.140803333,-0.466568249,-0.638780143,-0.764142519,-0.425222757,1.685729416,-0.31567128,-0.386075196,-0.609706376,-0.806824808,-0.123578846,2.355354038,-0.754318761,-1.298884203,-0.701556585,-0.435294424,-0.502377668,-0.697438845,-0.292554987,-0.824176107,-1.078790313,-0.65494545,2.628930205,-0.417466116,0.462262551,-0.399381883,-0.147070819
SZH2019002,-0.210976684,-0.339183655,0.022714207,-0.548691167,1.374583736,0.609101626,1.044526703,1.365564176,0.479595042,-0.359219383,-0.416868348,-0.651308045,-0.874031344,-0.30675453,-0.339589008,4.61573535,-0.571340155,-0.715710303,-0.465877944,-0.544639904,0.903873691,-0.285340917,0.124132827,0.063605095,-0.293079965,-0.253771935,-0.3686779,-0.723905978,-0.422106146,-0.165966682
SZH2019003,-0.169108004,-0.323104319,-0.040950391,-0.399849485,-0.450296295,1.368644874,0.698757763,-0.467957248,1.198965796,-0.35886187,-0.416568528,-0.647844813,-0.878324041,-0.309704525,-0.339644209,0.376274996,-0.087078534,-0.71970547,-0.465814774,1.236499061,-0.634846708,-0.283818628,-0.908805144,-1.060195502,0.306011585,-0.248886068,-0.368206561,-0.725958775,-0.414587874,-0.159624929
SZH2019004,-1.107687881,-1.165145422,0.245467079,-0.098907511,-0.442755304,-0.675795354,-0.670997639,-0.499109283,-1.617017929,-0.382177686,-0.432663112,-0.670966791,-0.911004399,2.062176345,5.309009528,-0.639561847,-1.238562064,-0.724858148,-0.48162513,-0.569757191,-0.607746132,-0.281022774,-0.954362812,-1.052006886,-0.471423785,-0.2275971,2.685150261,1.592373729,-0.429931192,-0.172707014
SZH2019005,-0.282292208,-0.374842003,-0.520256341,0.245858204,1.109063614,-0.587519692,1.088168993,-0.415206298,0.594806171,-0.300207187,-0.346389166,-0.617038023,-0.657555254,-0.882347039,-0.527826164,3.746717051,-1.063279121,-0.724386726,-0.431687708,-0.427474062,0.150852517,-0.30335358,-0.569819924,3.636789039,-0.133576183,-0.393245861,-0.635619632,-0.635006957,-0.234391011,-0.261342631
SZH2019006,-1.285462729,-0.644371215,0.086079335,-0.482836837,1.563231247,0.643248392,0.603302626,-0.627718888,1.006948439,-0.439783598,-0.438716016,-0.766749162,-0.825013386,-0.341803876,-0.423691449,-0.430182529,-0.13631753,-0.747537096,-0.527225686,-0.517848533,0.645481043,-0.289169366,1.623014224,-0.058824585,1.132636388,-0.250214707,1.407563089,-0.680801857,-0.315314397,-0.40668833
SZH2019007,0.071725883,-1.163296275,0.128617651,-0.280266495,-0.56746579,-0.639388044,0.192400268,-0.267083125,2.55195937,-0.312770145,-0.353933962,-0.557184234,-0.781720094,-0.400544195,1.126102501,-0.193017594,-0.106855016,0.159108393,-0.445233156,-0.59428765,-0.772928299,-0.262676603,-0.577234379,-0.534295913,-0.670327686,-0.229371307,1.261593254,0.784349717,-0.135472149,-0.108282933
SZH2019008,-0.914461341,-0.491950143,0.689288733,-0.178814834,-0.560364322,-0.645359714,-0.848574316,-0.308147716,1.792060776,-0.335160983,-0.369317992,-0.588029899,0.434377479,-0.369148882,1.262364175,-0.324369533,-0.781199503,1.740077692,-0.46079601,-0.59412677,-0.753001099,-0.264346076,-0.615488193,-0.43157528,-0.41750216,-0.222466424,2.459451585,0.904453793,-0.153922067,-0.133942328
SZH2019009,-0.041621068,-1.210248678,1.725250723,-0.16938294,-0.550150765,-0.661644031,-0.812829093,-0.311965656,0.913351828,-0.356421915,2.013497053,0.877688154,0.286237655,-0.435511197,-0.475757011,-0.154657301,0.903328355,0.109416687,-0.476308878,-0.634177947,0.642350726,-0.257383617,-0.648306269,1.706997065,-0.444857861,-0.190380855,-0.527665577,-0.709197765,-0.150225812,-0.128698605
SZH2019010,0.12096847,-0.483962053,0.630469033,-0.47610834,-0.546995355,-0.672019091,-0.808091815,-0.274063529,-0.329853619,-0.354290898,-0.381699711,-0.580290049,-0.86892014,-0.758843937,-0.476166955,-0.367452611,-0.685264692,-0.872482178,-0.475924697,-0.675990177,0.715955258,-0.248934476,-0.641416139,-0.522176747,-0.542577722,-0.167213064,-0.524132349,-0.721417677,-0.128799667,-0.099482186
SZH2019012,0.909151972,0.099285041,-0.033587059,-0.160606434,-0.583468745,-0.622551761,0.399870065,-0.21113007,0.377123077,-0.271863767,-0.325170323,1.256434095,0.613360162,-0.651530355,-0.548633744,-0.469217699,-0.638154207,-0.83645171,2.143997655,1.872820517,-0.824187728,-0.263676429,-0.508147215,-0.350296161,-0.068612064,-0.258255328,-0.649730128,-0.680986375,-0.112386285,-0.078744696
SZH2019013,-0.852556577,-0.288445884,0.152245284,-0.343886986,-0.556642581,0.778254237,-0.842907834,-0.26460477,0.628415006,-0.332772019,-0.36737443,-0.56547644,-0.82879485,0.138010234,-0.493603861,-0.491135481,1.213062001,0.067198838,-0.460356933,-0.641203629,0.593111001,-0.25432844,-0.607703196,-0.319815054,0.202194756,-0.192485218,-0.554756396,0.62445858,-0.128701972,-0.099334176
SZH2019014,-0.981387325,-0.305563428,0.25842702,-0.622791337,-0.436789451,-0.698677414,-0.661862328,-0.391928382,2.40931771,-0.37736086,-0.428685687,-0.625999739,-0.969104106,0.06957647,-0.326492926,-0.310890505,1.121655716,0.259284642,-0.480787245,-0.656753417,-0.569035714,-0.261847859,-0.935668476,0.414252421,0.001694627,-0.173376082,2.168514022,0.442169054,-0.337622307,-0.101123324
SZH2019015,0.110149903,-0.261804308,0.666162231,-0.252268384,1.002696238,-0.638597016,0.423903736,-0.335011175,0.041028118,-0.336531052,-0.370431491,-0.601159767,-0.783818886,-0.421256131,1.322670053,-0.218748159,0.001056598,0.3465091,-0.461047028,1.908305283,0.516980817,-0.270186941,1.051206854,0.085215939,0.990442778,4.199965084,-0.561474453,0.495349091,-0.169839662,-0.15731668
SZH2019016,0.490594671,-0.337666807,-0.073501576,-0.166291948,-0.583468745,-0.622551761,0.164348686,-0.21113007,-0.07508079,-0.271863767,-0.325170323,-0.507406157,-0.734239789,-0.202091931,0.918492066,0.359674236,-0.086840617,0.146057825,-0.415280143,-0.575086941,0.32163077,-0.263676429,-0.508147215,-0.335814357,-0.546247941,-0.258255328,-0.649730128,0.50272045,-0.112386285,-0.078744696
SZH2019017,0.642954447,0.253383696,-0.239932791,0.487420906,-0.510109442,-0.604427841,1.796345971,-0.135748985,0.6499543,-0.18433715,3.082995059,-0.399646665,0.623329149,-0.957991556,-0.482995027,-0.472972757,-0.136725854,0.356736614,-0.336848532,-0.527488429,0.354628142,-0.274222152,-0.532317128,-0.162618797,-1.100860937,-0.344816145,-0.600797275,0.46218912,-0.175265829,-0.021165025
SZH2019018,0.389985832,0.058126951,0.201112662,-0.355085506,1.511774898,-0.647933973,0.933542716,-0.196739842,0.096342148,-0.249514228,-0.335642257,-0.471233867,0.209260516,0.452002574,1.861280792,0.415056549,0.12184571,0.220556768,-0.390332547,-0.603306104,0.688562532,-0.263399846,-0.672764697,0.212018819,0.914450385,-0.246925716,1.724595285,0.75961357,-0.211859205,-0.033679644
SZH2019019,0.494097616,0.010523765,-0.048902457,1.19522253,-0.485419126,0.643555852,0.342275332,-0.175470518,-0.798915198,3.422710077,-0.321682674,1.729848772,0.679377378,2.350128272,1.675190251,-0.573890489,0.627333365,-0.786662231,-0.376433169,0.761006769,-0.728257056,-0.264625002,1.409475442,1.323775339,-0.387438652,-0.264311803,1.099034424,1.400939874,-0.197634747,-0.02843433
SZH2019020,0.36392572,-0.231604759,0.210766762,-0.214675849,0.94163034,-0.660730671,0.619843087,-0.25296119,0.154037142,-0.33209148,-0.366820309,0.976881775,-0.837130877,0.167098441,-0.493743637,0.246868244,0.711215377,-0.866736195,-0.46023153,0.732239644,0.61150665,-0.251513697,-0.605489933,-0.308144564,0.132307776,-0.184464572,0.98073719,0.531146517,-0.122090714,-0.09082125
SZH2019021,0.185334134,-0.320606149,-1.025983322,-0.112412984,-0.585108087,-0.617583568,-0.047870923,-0.226723104,-0.969055459,-0.272759657,3.834276629,1.059732895,-0.722687991,-0.350875718,0.897103478,-1.31324593,-0.171156107,-0.8233935,-0.415456556,1.230867087,-0.834870781,-0.268041735,1.826703751,-1.268309736,-0.853887818,-0.273472543,-0.651741412,-0.675067043,-0.12180917,-0.090407086
SZH2019022,0.344719614,0.672918984,0.135303036,0.348598526,-0.581832187,-0.627543711,0.422760513,4.172238571,1.0099266,-0.27096983,-0.324401385,1.133524003,1.30447429,-0.64260283,-0.54885751,2.647070496,-0.801818199,-0.849629871,-0.415103777,0.911774052,-0.813573428,-0.25935881,-0.505173539,2.448229283,-0.443099517,-0.243615369,-0.647722592,-0.686936428,-0.103520928,-0.068289878
SZH2019023,3.220209338,-1.422908504,0.552214609,0.014611086,1.48799678,-0.721187612,1.281393325,-0.620896725,0.622684207,-0.544506859,-0.502371551,0.391615699,0.061991888,1.177189448,-0.362998403,-0.506932123,1.204044197,-0.832662637,0.941927825,-0.696260717,1.237939213,-0.256074056,1.747147177,3.580239009,1.125360398,-0.122180344,-0.353498372,0.370198309,-0.274023287,-0.331165526
SZH2019024,-0.700164583,2.319797736,-0.231160546,-0.125504693,0.924353937,-0.605982895,0.74646101,-0.163834938,-0.05106383,3.339678998,-0.297954489,-0.460472017,0.951457389,1.077328863,-0.587606492,-0.590855355,0.052716022,0.20371513,1.838368292,0.926283427,0.190560553,-0.264678789,-0.444411799,1.595091058,1.647880228,-0.289477449,-0.715540085,-0.670069966,-0.092384902,-0.055902416
SZH2019025,-1.029311,0.505146855,8.365391913,-0.378053369,-0.466568249,-0.638780143,-0.764142519,-0.425222757,-0.501531122,-0.31567128,-0.386075196,-0.609706376,-0.806824808,1.354157377,-0.368352979,-0.584109173,3.328735388,3.705711265,-0.435294424,-0.502377668,1.040676504,-0.292554987,-0.824176107,1.023871578,-0.594809188,-0.306396773,-0.417466116,0.54818054,-0.399381883,-0.147070819
SZH2019026,-0.136276814,-1.111623751,1.594005805,0.732189413,-0.46799789,-0.633735072,-0.766432379,1.426577145,-1.034066742,-0.316659434,-0.386933634,0.893006274,1.017707318,0.196398453,-0.36817855,-0.774557392,3.684445437,-0.689792211,-0.435476117,-0.48478313,-0.707254331,-0.297230091,-0.828168178,-1.081964611,-1.427044977,-0.32340861,-0.418998298,0.740495428,-0.421667791,-0.165536936
SZH2019028,-0.659707946,0.066323369,-1.139302887,-1.061900361,-0.51262838,-0.596305982,0.327485618,-0.155212334,-0.047274836,-0.18548364,-0.284182163,-0.412606426,0.541726288,-0.238597951,-0.482650372,-0.462454052,-0.731641744,0.337128644,-0.337105929,-0.497479757,1.728917452,-0.281715939,-0.537441209,2.247309778,-0.972549165,2.591146305,-0.603996388,0.505444442,-0.197236513,-0.028271398
SZH2019029,0.295589863,-0.95295289,-0.039204125,-0.100399584,-0.499336971,-0.607795716,1.338311523,-0.215877655,0.677707334,-0.218048974,-0.311334119,-0.464907448,0.649179739,2.130051881,-0.447991189,0.380691188,1.907307709,1.696130421,-0.363555144,-0.497191059,-0.799414202,-0.285220652,0.784642718,0.37423187,0.265330574,-0.356746086,2.469994427,0.935544465,-0.247078611,-0.048730542
SZP2016003,-0.091313969,2.31313541,0.537144599,1.450498017,-0.554375178,-0.647959073,-0.819170806,-0.367587035,-0.52329173,-0.359275985,-0.385687555,0.98559183,0.619436174,0.415562869,-0.475210759,-0.566172605,1.469669183,0.288137842,-0.476821417,-0.580915446,-0.740046472,-0.26894468,1.663628762,-0.16447289,-0.450795238,-0.224637271,-0.532399259,0.486149504,-0.182647616,-0.176899248
SZP2016007,1.149894209,0.050649698,0.295010599,-0.562540282,-0.465880537,0.542589834,-0.802252311,-0.171771282,-0.675021575,-0.265307857,2.328620304,-0.464483137,0.084749683,-0.669456353,-0.400769851,-0.326986658,-0.56961941,0.367804549,-0.403974785,0.473971417,-0.645278131,-0.248025641,0.804707382,0.326384524,-0.609692259,-0.187351392,-0.451141047,-0.756973884,-0.180136472,-0.022673246
SZP2016008,-0.08092374,0.033553028,-0.664400845,2.396120462,-0.419838274,-0.731215496,-0.601824299,-0.408653234,-1.673251954,1.559572766,-0.460225437,-0.654259078,0.513763295,-1.293724003,-0.300120743,-0.384093549,-1.156356434,-0.810335693,-0.513025379,1.546561018,-0.504859618,-0.249527095,-1.02202809,-1.017217191,-0.378052785,-0.125875349,-0.29539199,0.954165769,-0.331479405,-0.097024944
SZP2016009,-0.689622854,1.552883001,-0.948033846,3.958533867,-0.485419126,6.693561317,1.764561788,-0.175470518,-1.162499294,-0.231675762,-0.321682674,1.792256195,2.323410793,-1.480597087,-0.432226396,-0.587286701,-1.302974628,-0.786662231,4.736434602,-0.590291194,-0.728257056,-0.264625002,0.774129068,-1.084446614,-1.539841562,-0.264311803,-0.510386848,-0.722605849,-0.197634747,-0.02843433
SZP2016011,-0.491045193,-0.858193069,1.048383886,-1.027220737,-0.469395445,-0.775944063,1.015259876,-0.628497527,0.19508281,-0.632875168,-0.554000535,0.228212186,-0.218566125,2.501832167,2.259998533,0.761590176,0.766052822,-0.894358407,-0.651768693,-0.841158676,1.797818301,-0.234656395,-1.082958152,0.002335762,0.090668165,-0.06652499,-0.285843015,-0.794561653,-0.252233491,-0.292638588
SZP2016012,1.783031774,-0.42191101,-0.737087682,0.576883977,-0.53641268,-0.690459956,-0.772599187,-0.271542229,-1.752622624,7.162313074,-0.395788749,1.12430388,2.729418941,-0.831437601,-0.459251371,-0.332954281,-0.880751415,-0.896349201,-0.49168456,-0.726625956,2.219650068,-0.24088375,0.713799213,-0.504575333,-0.633787238,-0.137875753,-0.493437569,0.663465485,-0.122278679,-0.091097929
SZP2017001,0.439523248,-0.245588109,2.079811637,-0.762364457,-0.426808121,0.535342916,-0.646574323,-0.246359593,-0.239869117,-0.369297413,-0.42200586,-0.554166713,-0.178969689,0.232091236,-0.327678205,0.991191285,-0.175416541,-0.873665689,-0.479371338,-0.821191826,-0.506704956,-0.231428373,-0.904511014,-1.015858706,-0.274043651,-0.103633826,-0.329889341,-0.809290186,-0.212696668,-0.034056872
SZP2017013,0.651511317,-0.073182927,-0.753149756,5.25595532,-0.46350596,0.530024775,-0.798333775,-0.150804118,-0.728048156,-0.263843038,-0.345965457,-0.450518133,0.924252351,-0.576128539,-0.401076675,-0.362285953,-0.386730438,-0.853956781,-0.403685929,-0.722294511,0.937008531,-0.241145899,0.965792769,-1.05428068,0.037961084,-0.168120486,-0.448468322,0.391907571,-0.159551932,-0.016808337
SZP2018001,-0.759918731,0.085156019,-0.632106049,-0.476853381,1.56855732,-0.726490972,0.981615315,-0.22673501,-0.736736675,-0.346491794,-0.406158382,1.770325113,2.452298655,-0.254061493,-0.341579881,0.196846317,-0.344021325,0.424130133,2.454728726,2.780946836,-0.531258089,-0.23388381,1.235497445,0.505731237,-0.258118356,-0.115859971,-0.351951453,-0.799968045,-0.203066344,-0.030425091
SZP2018002,0.097690064,-0.550488423,-0.644573673,-0.285839669,-0.518160833,0.682826079,-0.708066235,-0.29734735,2.024735677,-0.423715719,-0.42644506,-0.62275854,-1.000533975,-0.850486331,-0.426237788,-0.238108415,-0.476876546,3.088925341,-0.524502677,-0.794811284,-0.589318549,-0.231886301,0.681338598,0.4106555,1.00368652,-0.103096303,-0.438073759,0.340793388,-0.125747686,-0.095577953
SZP2018003,0.085043976,-0.455095885,-0.578881336,-0.270264979,-0.495696309,0.432728614,-0.623232211,-0.401421421,0.820947357,-0.505981118,-0.477859233,-0.706449127,-0.008002337,-0.753187579,-0.379079697,0.043291088,-0.696809756,-0.92122847,-0.576810395,0.132073535,-0.524306633,-0.229851517,-0.879472876,-0.341054857,0.154178476,-0.080578053,-0.366597555,-0.78143538,-0.162549412,-0.146660372
SZP2018004,1.188864218,0.010121458,-0.51868323,-1.009879275,-0.410981481,-0.768259163,-0.588699131,-0.270572881,1.761107426,-0.41654392,1.536755312,-0.586915805,0.183615733,-0.590605608,-0.301140685,0.291818625,-0.287856539,0.088766293,-0.511685466,-0.8943483,-0.451826984,-0.22267396,-0.992216752,0.668841054,-0.343185462,-0.075831684,-0.287295042,-0.834793961,-0.21784084,-0.0361031
SZP2018005,-0.950297632,-0.457220612,0.809363522,-0.645329924,1.150561537,-0.742995594,-0.648941411,-0.345405484,-0.33148547,-0.476409602,-0.459475246,0.666165817,-0.103295392,-0.714352421,-0.39457336,0.050036136,-0.06534368,0.004318916,-0.558847304,-0.842147222,2.089832479,3.70319397,1.848156412,-0.201296556,0.008788296,-0.081693374,-0.388230406,0.342841537,-0.139729949,-0.114204719
SZP2018006,-1.097483997,-0.005516992,-0.638310309,0.226862883,-0.499659993,-0.732957886,4.652912913,-0.466405546,1.652284446,-0.509535077,-0.480470987,-0.735950612,0.430191731,-0.299479477,-0.378606078,1.498334779,0.210646781,0.295256877,-0.57738683,-0.770991974,1.297310822,-0.240571357,-0.890553172,1.352568817,-0.369342721,-0.099134151,-0.37036853,-0.764384016,-0.19678175,-0.199355044
SZP2018007,-0.294803219,1.24291095,-0.73490416,0.256185099,-0.418379044,-0.71946183,-0.583087485,-0.55169965,0.939523229,-0.455720408,-0.481569077,-0.724645495,-1.036623827,-0.413492533,-0.286707747,0.395456338,-0.256893663,-0.760963192,-0.530691573,1.966827301,-0.516321913,-0.265410784,0.446783255,0.144925754,0.365707987,-0.153253774,-0.280842807,-0.772178348,-0.438295349,-0.18009285
SZP2018008,0.648491843,0.814367754,-0.923669755,-0.524972031,-0.472569363,-0.650539439,-0.813284387,3.50901255,-0.179609785,-0.269438108,-0.351059588,-0.505005799,-0.827247624,-0.759669209,-0.399911531,-0.537452256,-0.053451053,0.265007672,-0.404784272,0.907354987,1.954830894,-0.267987491,-0.717122947,-0.244988304,-0.662443377,-0.249255398,-0.458677438,-0.727830902,-0.247543266,-0.048985915
SZP2018009,-0.669324076,-0.944328189,-0.851873406,-0.473394633,-0.474624829,-0.659898519,1.52970305,-0.164926191,-1.261336377,-0.247547583,-0.33381307,1.714065086,1.15200787,-0.202885493,-0.41643683,-0.242607782,-0.595962734,-0.817746321,-0.389936865,-0.65081424,-0.679663769,-0.253406397,0.828398348,0.548981716,0.511905511,-0.214670726,-0.479084884,-0.743833953,-0.180012018,-0.022628406
SZP2018011,1.345156382,3.215600528,-0.977195361,-0.424996958,-0.537681071,0.601347089,-0.73608303,-0.60750984,-0.790466031,1.492125582,-0.43809741,-0.759122143,-0.833326956,-0.85609898,-0.423818538,0.690881625,-0.982101676,-0.75574943,-0.527089331,-0.530017891,-0.708432882,2.657292761,-0.796553113,0.060606737,-0.199299814,-0.240599093,-0.458339666,-0.684764481,-0.30292537,-0.383680114
SZP2018012,-0.941101574,0.537338775,-0.573648786,-0.214290952,-0.501289663,0.374262335,-0.648250106,-0.338415675,1.191596782,-0.475982609,-0.459157026,-0.664891408,-1.076358138,-0.168637329,-0.394634113,-1.0579029,-0.458103263,0.195127029,1.078412038,-0.850258523,-0.535090975,-0.225715906,-0.829347571,-1.172927653,-0.209465599,-0.079554977,-0.387743314,-0.782997236,-0.136183449,-0.109391131
SZP2018013,0.086044243,-1.192959492,-0.920144005,3.433056249,-0.559831721,0.912978698,-0.84776346,-0.301658713,-1.718457294,-0.334819028,-0.369039946,1.199823788,1.439074128,-1.601277178,-0.493184679,-1.272944815,-1.001412818,-0.831450512,2.396136152,-0.600719222,-0.749613717,-0.262899127,0.772500705,-1.243676855,-0.800663957,-0.217999157,-0.55841466,1.179335785,-0.150116494,-0.128519496
SZP2018014,-0.432171522,0.180025234,-0.573710833,0.127786396,-0.393576877,-0.770373089,-0.500807794,-0.5779864,-0.830567619,-0.536123843,-0.532630139,-0.769260904,-1.186476014,2.212012271,-0.250983869,-0.354041996,0.268368293,-0.810932934,-0.582499076,-0.78852839,-0.425719746,-0.246217678,2.35267502,4.143218231,0.096239748,-0.091004864,-0.223735738,0.194619135,-0.423642651,-0.167475057
SZP2018015,-0.075636225,0.068833161,-0.78424836,-0.636660777,-0.437246573,0.9642557,-0.662562365,-0.399601771,-1.124472963,-0.377730011,1.78348341,1.289632499,0.605749363,-0.627749503,-0.326439116,-1.214295643,-0.493565331,0.284701358,2.620841993,0.580633633,-0.571964213,-0.263290949,-0.937099045,-1.039534353,-1.28759219,-0.177186967,-0.340087358,-0.759844452,-0.344223101,-0.105662042
SZP2018016,1.169378002,0.073729938,0.241919693,-0.292815775,-0.474624829,0.600506481,-0.836922269,-0.164926191,1.201751473,-0.247547583,-0.33381307,-0.451579795,0.702902977,-0.264049573,-0.41643683,2.285038059,0.323327218,0.185024164,-0.389936865,-0.65081424,0.783757112,-0.253406397,0.686393503,-1.06983164,-0.434390148,-0.214670726,-0.479084884,0.448209491,-0.180012018,-0.022628406
SZP2018017,-0.236447848,-0.471848083,-0.58611808,-0.820726271,-0.496190708,0.365886691,0.781650634,-0.409211518,-0.655811595,-0.506424527,2.57434742,-0.710097408,-1.083709112,-0.283575948,-0.379020474,-0.194281791,-0.068596399,-0.916611795,-0.57688243,0.249810419,-0.527105503,-0.231173397,0.336145289,0.104917997,-0.221095982,-0.082737726,-0.367067581,0.2625452,-0.166577858,-0.15262746
SZP2018018,-0.181159315,-0.329616906,0.231353584,-0.440505008,-0.437703993,-0.695127862,0.580069525,-0.407369398,0.425080222,-0.37809939,-0.429296136,-0.632795245,-0.960032451,0.460274949,2.887936978,-0.201565167,-1.209764791,-0.769868701,-0.480916092,-0.642881477,-0.574900942,-0.264739336,-0.938530857,0.017941985,-0.309756187,-0.181056647,-0.340535301,0.63739086,-0.350906321,-0.110352997
SZP2018019,-0.041554085,-0.425981927,0.128483907,-0.294346687,1.252426463,-0.658206892,0.23787218,-0.325321076,0.284569305,-0.35713407,-0.383975313,-0.606516074,-0.835134958,-0.157590967,-0.475620411,0.137954922,1.244213577,1.709815647,-0.476436981,-0.620596705,0.724928153,3.443363676,-0.650612844,-0.375239084,1.14845046,-0.19857922,2.670054457,0.692017598,-0.157909973,-0.13972125
SZP2018020,0.803284096,0.092309956,-0.807203435,-0.527591348,-0.472222732,-0.668524134,-0.832905116,-0.144573224,0.954981137,-0.246149235,-0.332510412,-0.437859626,-0.867142575,1.33109975,-0.416751161,-0.443790259,-0.272887477,0.282904431,-0.389654391,-0.686084773,-0.663681854,-0.246426058,-0.658717639,0.160923555,-0.028495212,-0.193487267,-0.476310232,-0.754297522,-0.159437769,-0.016773657
SZP2018021,0.922532661,1.963293337,0.628598373,0.981011373,-0.51346174,0.583668022,0.629877511,-0.369994075,-1.170802645,-0.452470766,-0.444953329,-0.669761427,1.271787106,3.512528652,-0.409777309,-0.362489664,-0.660972949,-0.895685303,2.334908978,4.779348864,-0.583856904,-0.238795697,0.351551376,0.141196816,-0.45311432,-0.109656066,-0.416233088,1.279523557,9.059350656,-0.140482715
SZP2018023,-0.01166407,-1.246676108,1.011183851,-0.422783467,-0.51917722,-0.715543737,0.795563112,-0.310294678,-0.535021476,-0.424510249,-0.427053552,-0.629533017,-0.991297572,-0.067143549,-0.426110244,-0.020077374,-0.844428084,-0.912679402,-0.524638622,2.080363287,-0.59529653,-0.234551096,-0.750473078,2.671069654,-0.011037569,-0.108360373,-0.439126139,0.311552375,-0.132503635,-0.104424684
SZP2018024,0.998443183,-0.097856858,-0.359944069,0.217681641,-0.608104496,-0.581776611,-1.032561082,-0.236644911,-1.13049795,-0.238755491,-0.301605118,-0.50374179,-0.634031598,1.539924452,0.785192366,-0.195995812,-0.35818568,1.752295379,-0.387471973,-0.466471131,-0.9328484,-0.287040532,-0.458250646,-0.100092837,-0.802925504,-0.377473485,1.392330553,0.670255941,-0.138592194,-0.112409297
SZP2018025,0.006421907,-0.636738441,0.303599398,-0.043549248,1.279298239,0.59449593,-0.728647188,1.187412429,0.668656161,-0.434924005,2.298444641,-0.721664593,0.422367278,0.204592801,-0.424454345,-0.174081374,-0.743631396,2.062474463,-0.526407877,1.133921404,-0.675963819,-0.27109469,-0.783590539,-0.467615245,0.49239418,-0.196271684,1.702444474,-0.704782591,-0.245776215,2.7701588
SZP2018026,-0.863912441,-0.165723723,0.675867027,-0.438601287,-0.45804721,-0.669550903,-0.750488689,-0.295849974,0.417551194,-0.309784413,-0.380949501,-0.551499397,-0.882438195,1.550263076,-0.369400658,-0.553890543,-0.229987011,0.258869613,-0.434205262,-0.616164596,-0.64005112,-0.265520257,-0.800460281,-0.021489271,-0.417121442,-0.216621304,-0.408347042,-0.741370982,-0.281374423,-0.066346889
SZP2018027,-0.637079053,-0.042258319,0.559701536,-0.631844369,-0.453952935,0.487220361,-0.763096832,-0.149138422,0.500505828,-0.281754275,-0.359215087,1.685161524,0.014958774,0.112625383,-0.385899795,0.341326858,0.318538653,0.239308443,-0.41791429,-0.774935322,-0.590744894,-0.233267196,0.970371195,-0.102563615,-0.562053147,-0.138665331,-0.420639314,0.278225493,-0.151920149,-0.014889407
SZP2018028,-0.763230128,-0.257766284,-0.009680363,-0.173879735,-0.571920829,0.739115375,-0.908353367,-0.204022675,0.24672841,-0.289818495,-0.337646959,-0.512235019,-0.783639674,-0.027913302,-0.530232945,-0.177258323,-0.443578677,-0.864196298,-0.429702576,0.680440674,-0.77580724,-0.253893288,-0.535325337,-0.229584518,-0.472993391,-0.213760133,-0.614033137,-0.699476102,-0.103603949,-0.068400832
SZP2018029,1.476940035,0.098447301,0.293304484,-0.487271786,-0.471264002,-0.671992947,0.337299811,-0.136965609,0.607231672,-0.245591386,-0.331990259,-0.432445547,0.290485002,-0.350331589,-0.416876934,-0.175716317,-0.534966944,0.815170717,-0.389541437,0.756213947,1.088927511,-0.243670562,-0.656393769,-1.062478643,-0.522204305,-0.185437211,-0.475203169,-0.758506971,-0.151699793,-0.014827035
SZP2018032,-0.88161835,-0.326268923,0.210700017,0.205680314,-0.54804593,-0.668550126,-0.809669098,-0.286339558,-0.743985498,2.223147692,-0.38226782,-0.586780413,-0.86040067,-0.547024164,-0.476030283,-0.204150934,1.524620436,0.400339617,-0.476052736,-0.661874283,-0.7002764,-0.251729838,2.575271286,0.486625409,-0.233509948,-0.174700476,-0.52530847,0.40887641,-0.135675099,-0.108598954
SZP2018033,0.370115205,-0.978099029,0.216648031,2.494636523,-0.480420622,-0.639467301,-0.846609603,-0.221927404,-1.722709606,-0.25092538,-0.336952725,-0.485592576,0.600975792,0.091115001,-0.415683046,-0.612727389,-0.641966393,-0.766919457,1.882427498,-0.570698705,0.629276484,-0.270696833,0.605331543,-1.082501388,3.794477955,-0.271866723,-0.485784865,3.326497197,-0.236853732,-0.044069098
SZP2018034,-0.744514291,-0.271181999,-0.050914806,-0.105389289,-0.581287286,-0.629212976,0.049357512,-0.191511589,-1.030731148,-0.270672285,-0.324145331,-0.495578532,-0.749812242,-0.529556165,-0.548932111,-0.373208494,0.405792221,-0.854049243,-0.415044999,-0.601205169,0.35980541,-0.257930175,1.2971604,-0.556524874,-0.303479728,-0.238862517,-0.647054246,-0.688926609,-0.10068668,-0.065059692
SZP2018035,0.020459796,1.004372668,0.544629795,-0.052792291,-0.436789451,0.508777542,5.551222503,-0.391928382,0.835544397,-0.37736086,-0.428685687,0.768473465,-0.031038467,-1.345376973,-0.326492926,0.121686441,-0.383108686,-0.778225325,-0.480787245,0.88788448,-0.569035714,-0.261847859,-0.935668476,-1.038498684,5.71277507,4.877690246,-0.339639796,-0.761956489,-0.337622307,-0.101123324
SZP2018036,-0.228698841,-0.162844695,0.014835407,-0.389790803,2.005290182,-0.660836836,0.398388006,-0.386802863,0.773389162,-0.382236837,-0.400744873,0.907098518,0.258688001,-0.669329529,-0.458116258,-0.464462142,-0.112872488,0.165533324,-0.492795722,2.413206593,-0.707361366,-0.264793139,0.458525513,0.334469863,2.704602107,-0.20058694,-0.503120876,0.443722524,-0.187149273,-0.18394692
SZP2018037,0.0088431,0.996863962,0.519304781,0.256667114,-0.530581433,0.536142874,-0.744786698,-0.326432016,-1.726926173,1.782134303,-0.412874904,0.826371157,-0.930116286,-0.532213009,-0.442127767,-0.450359937,-0.396048339,1.023060823,-0.508363316,-0.711705174,-0.64066091,-0.245205289,1.366826234,1.631421569,0.967454531,-0.139424462,-0.468800379,7.128286659,-0.146701597,-0.123781973
SZP2018038,-0.855035223,-0.346625408,-0.614240507,-0.561602314,-0.516131718,0.437837498,0.537254817,-0.272528502,-1.211239587,-0.422129451,-0.425229671,-0.609342684,-0.204532486,-0.883353668,-0.426492949,-0.093057226,-0.777729151,1.208044132,-0.524230851,-0.826451463,2.25249768,-0.22661861,-0.742950521,-0.250982423,-0.473536602,-0.093152204,1.438485228,0.289253912,-0.11300565,-0.079615159
SZPN2018007,-0.042763358,0.383616667,-0.827300071,-0.480952063,-0.529408232,0.559942379,-0.724207296,2.012354802,-0.901299306,-0.43250683,1.657101668,4.067507454,0.308081584,-0.896582915,-0.424836117,-0.453727511,-0.804724497,0.4962562,1.10313986,1.073529774,-0.65686477,-0.262345564,-0.775873041,-1.216093892,-0.594956307,-0.17259179,1.366053596,-0.716957631,4.013016636,5.198038753
SZPN2018010,0.076150001,-0.403173366,0.028375759,-0.067022889,-0.559151163,0.680396719,-0.826339854,-0.437284349,-0.706146864,-0.3625042,-0.388264824,-0.657600638,-0.773891819,-0.952437496,-0.474596691,-0.052272894,-0.758505217,-0.772941219,-0.47739843,-0.524358721,0.475749637,-0.282357874,1.824253231,-1.251858332,-0.751223244,-0.267947524,-0.537755715,-0.675243318,-0.224672624,-0.244973562
SZPN2018011,-1.259637708,2.45510115,-0.641801335,-0.702399288,-0.488044739,-0.740405617,-0.579483063,-0.616670925,-1.093245125,0.866755967,-0.519018481,-0.821734951,1.744218555,-1.407277894,-0.348762107,-0.414821146,-0.716496073,-0.855895321,-0.614455377,0.385022083,1.420347929,-0.247867822,0.529953958,-0.224836632,-1.078890078,-0.099038942,-0.329614838,0.286273673,-0.262897115,-0.311351777
SZPN2018013,3.509874442,3.359285253,-0.757726215,1.291196973,-0.52530117,3.445692739,-0.579483063,-0.395670407,-1.180766751,-0.429297004,-0.430715677,0.973172455,2.857492124,-0.394208187,-0.42534548,-0.501266423,-0.837959749,-0.85845147,2.265821241,-0.689757165,0.931532663,-0.25097628,-0.765653069,1.963034919,-0.561409476,-0.144272624,-0.445473616,-0.733382802,-0.17871737,-0.170918355
SZPN2018016,0.980511082,-0.082700329,0.307068081,-0.278313926,-0.517370834,0.561318516,-0.579483063,-0.609157931,0.169670841,-0.489763896,-0.469406349,0.407626826,-0.928189954,0.671146297,-0.392692951,-0.615487838,0.611214799,-0.795780251,-0.561040293,-0.613052604,-0.629765487,-0.27007621,-0.872668762,-0.213577835,-0.153262101,-0.172448575,-0.403522919,-0.716029515,-0.285287071,-0.351436099
SZPN2018019,0.02895745,-0.125595791,-0.578241312,-0.846723907,-0.472268193,0.316133326,-0.579483063,0.930010212,-0.149785463,-0.635927863,1.033027852,-0.875450716,0.197737306,-0.556878177,-0.320952796,0.956315259,0.673535626,1.983663992,0.814742282,1.585751612,-0.474441165,-0.242777661,-0.225202289,-0.373019427,-1.012576201,-0.078303525,-0.288248537,0.264494008,-0.286139759,-0.353155945
SZPN2018020,-0.464374806,1.650143794,-0.709391353,1.773635787,-0.504142356,0.68074746,-0.579483063,1.285206841,-0.950296462,1.707462647,-0.483419452,1.089385349,4.093409374,-0.041888989,-0.378073707,-0.47595262,-0.822279707,0.338931424,1.933427278,1.979332291,1.177500053,-0.253029313,0.058864993,-1.188645501,-0.176491136,-0.123709873,-0.374640326,-0.745463861,-0.240949904,-0.272902782
SZPN2018028,1.134301496,-0.651142042,0.107139757,0.714153781,-0.537681071,-0.652375366,-0.579483063,-0.60750984,-0.011903128,1.525533433,-0.43809741,0.466531047,-0.833326956,0.960034887,-0.423818538,-0.520800477,2.460658753,-0.75574943,-0.527089331,-0.530017891,0.663385568,-0.286103263,0.838895738,-0.115952908,0.057273127,-0.240599093,-0.458339666,-0.684764481,-0.30292537,-0.383680114
SZPN2018029,1.13454884,-0.112126434,0.10068148,3.023014554,-0.530438054,-0.676531839,-0.579483063,5.192856597,-0.333234362,-0.433311621,1.654113844,0.568910689,0.789729373,0.465721255,-0.424708836,-0.532479313,0.051580259,0.171693734,1.546206058,2.274505518,-0.663199109,-0.265240706,0.385028466,-0.222601286,0.671564005,-0.180247934,-0.450806711,-0.712885592,-0.225108267,-0.245807249
SZPN2018034,0.631287906,0.028307326,0.16468001,-0.353367221,-0.529408232,1.158937207,-0.579483063,1.711575535,0.681302771,-0.43250683,-0.433167736,-0.699730977,0.354286006,0.435218061,-0.424836117,-0.366352705,-0.667972797,0.684112265,-0.525999264,1.023447371,-0.65686477,-0.262345564,1.111648431,-0.319061968,-0.370132555,-0.17259179,1.575288772,-0.716957631,-0.215233015,-0.229314891
SZPN2018035,2.799436884,3.929570611,-0.815217048,-0.4349912,-0.49839164,0.847175701,-0.579483063,-0.851017815,-0.861879078,1.387689075,-0.526240226,-0.907901484,0.659576721,-1.445433364,-0.347584157,-0.634368725,-1.451488642,0.293534511,-0.616028412,-0.599262797,-0.582826411,-0.278187919,-1.026545685,-0.454744509,-1.107177534,-0.163005501,2.271840027,-0.719738219,-0.397601337,-0.565066072
SZPN2018043,0.897819442,-0.352621042,-0.706481378,-0.384506302,-0.427584665,-0.717543046,-0.579483063,-0.388749054,1.066728178,-0.399891975,-0.443816788,-0.634899004,-1.022304071,0.031607195,-0.31320453,-0.451848415,-0.342170122,-0.800563169,-0.496645998,0.694799008,-0.532176882,-0.253517415,-0.024177391,-1.026283868,-0.434814186,-0.14324361,-0.316372677,0.327875915,-0.32485243,-0.092632385
SZPN2018048,-0.346490778,-0.572417661,0.702335217,-0.689367532,1.737028709,0.3875294,-0.579483063,-0.466405546,2.191328756,-0.509535077,-0.480470987,0.422428082,0.034328153,-0.102691647,-0.378606078,0.530641688,1.292034161,-0.884666948,1.051098354,-0.770991974,-0.546930648,-0.240571357,-0.890553172,-0.276411516,1.06782785,-0.099134151,-0.37036853,-0.764384016,-0.19678175,-0.199355044
SZPN2018050,6.117128684,1.229456999,0.376862774,0.049861521,-0.434963944,0.515057029,-0.579483063,3.322617122,-0.700857309,-0.375886547,-0.427466387,1.672983756,2.422851332,-0.391205426,-0.326708225,-0.354193008,-0.076968842,0.226716762,1.974660487,1.176180819,-0.557404165,-0.256128358,0.632043319,2.886905457,-0.432253023,-0.158713406,-0.337853342,-0.770438971,2.672765394,-0.084437005
SZPN2018051,0.897772982,0.275288007,0.970045972,0.15599529,1.592822001,-0.64894171,-0.579483063,1.853911354,0.159207328,-0.313700985,-0.384361883,0.869997779,-0.831590104,-0.07937296,-0.368701995,-0.177571163,-0.222592675,0.826430705,-0.434931181,-0.538733732,0.974657597,-0.283350469,0.892224885,0.558239212,1.926187534,-0.274153905,-0.414412334,-0.716656937,-0.35708044,-0.114702785
SZPN2018052,0.305099009,-0.093162652,1.363915864,-0.597848501,-0.42745979,0.521114349,-0.579483063,-0.555649531,-0.056188748,1.672445615,2.35898821,-0.715007339,-0.069892791,0.029368048,-0.299255573,-0.025824467,0.460917582,1.532873362,-0.514165996,1.083990851,-0.552576136,-0.273998564,1.427218349,0.021407773,-0.012443325,-0.184835056,2.45229711,-0.754673339,1.736824815,-0.1938459
SZPN2018053,0.317323756,0.108386417,-1.014200606,-0.167099616,-0.482848364,0.673579345,-0.579483063,-0.249235814,1.139822099,-0.252341877,-0.338266449,-0.500219362,-0.776218178,0.57494938,1.709170096,-0.122528276,-0.334376494,4.335997231,-0.390898246,1.170780022,-0.735486466,6.125534097,-0.684606745,-0.182076326,1.440704872,-0.298426864,1.449964704,-0.708898971,2.998653315,-0.056946281
SZPN2018056,0.571136242,-0.084471773,-1.036218275,-0.33072951,-0.466568249,0.731530605,-0.579483063,-0.425222757,-0.533438199,-0.31567128,-0.386075196,2.797221417,-0.806824808,-0.385896054,-0.368352979,-1.371665172,-0.197043417,0.656454913,-0.435294424,-0.502377668,0.870171673,-0.292554987,4.151242361,-0.235656874,-0.729959611,-0.306396773,-0.417466116,-0.704484884,-0.399381883,-0.147070819
SZPN2018059,-0.195322645,0.951627249,-1.006044083,3.325675518,-0.465141315,0.709303532,-0.579483063,-0.401564608,-1.639029091,2.672792969,-0.385217946,1.218816883,2.01633911,-0.293664956,-0.36852746,-0.724240478,-1.290808748,-0.713440047,3.239861343,-0.520360575,-0.687694685,-0.287928492,1.728832014,-1.075621107,-1.417807649,-0.289980432,-0.415937462,-0.710555508,-0.377854865,-0.130146581
SZPN2018060,0.092376616,-0.19092497,-0.191006472,-0.248594786,-0.465141315,0.627646176,-0.579483063,-0.401564608,-0.647940887,-0.314685131,1.99926231,-0.599757464,-0.819152553,-0.582876176,-0.36852746,1.106652173,-0.537913091,0.468142033,-0.435112779,1.610544659,-0.687694685,2.788905696,0.509076338,-0.014757269,4.636011861,-0.289980432,-0.415937462,-0.710555508,3.547952643,-0.130146581
SZPN2018063,0.225881046,0.276526561,-0.986203292,-0.557642047,-0.464191529,-0.647241499,-0.579483063,2.385834873,-0.824890439,-0.314028811,2.965694889,-0.593180085,0.183790472,-0.474253655,-0.368643811,-0.520048729,0.597832619,0.556662043,-0.434991708,0.985240046,-0.681238309,2.767692545,0.222624699,-0.319561808,-0.630100862,-0.279364241,-0.414920319,-0.714619704,2.095490546,7.317153221
SZPN2018064,0.735169139,0.791514575,-0.80165361,0.005429849,-0.438161711,1.095711679,-0.579483063,2.70397799,-0.796088908,1.938772459,3.141476606,5.741717585,0.351017833,-0.399441406,-0.326331513,-0.536784197,-0.506974373,0.443571678,1.311245335,0.776865366,-0.577845895,3.509108764,2.885127311,-1.041607404,-0.084379774,-0.184985465,-0.340983623,0.308592972,1.907102537,-0.115198795
SZPN2018065,-0.135543442,5.35229992,0.237321791,-0.067624578,-0.439995567,1.067569605,-0.579483063,1.57179399,-1.09255924,1.810316535,1.674444897,0.725967147,4.058578269,-0.06939907,-0.326116375,-0.596874247,-0.197541119,0.513584857,4.1034813,0.698194283,-0.589707799,-0.272060921,0.9625401,0.575877078,-0.405291698,-0.201298749,-0.342780713,1.395224276,1.94621178,-0.13618069
SZPN2018067,1.721480795,0.013269347,-0.220534841,0.59652334,-0.466092304,-0.640467123,-0.579483063,-0.417241958,-0.790574121,-0.315342341,-0.385789314,-0.606379016,0.274143751,0.673954745,2.119777412,-0.753116457,0.200749696,1.684705312,1.453087817,-0.508328724,-0.694182856,-0.291007428,-0.822847921,-1.077733345,1.252071024,-0.300858768,-0.416956173,0.445709243,-0.392122196,-0.141261019
SZPN2018071,0.840863269,0.120101021,-0.081683334,0.079552154,-0.537681071,1.463619187,-0.579483063,-0.60750984,0.899525291,-0.438971327,-0.43809741,0.454393431,1.63702123,0.735798639,-0.423818538,-0.540812785,0.470797221,-0.75574943,2.076783371,-0.530017891,0.887399035,-0.286103263,-0.796553113,-0.166811717,0.290256013,-0.240599093,-0.458339666,0.621252377,-0.30292537,-0.383680114
SZPN2018074,-1.362103509,-0.78247913,-0.846916081,-0.51903504,-0.512171783,-0.688087509,-0.579483063,-0.709803104,-0.180544696,-0.520739776,-0.488687951,-0.83280251,-0.934957887,-0.717038779,1.867498672,-0.629595498,-0.748689088,0.256001256,-0.57919044,-0.593001336,0.988848083,-0.276230642,-0.925694044,-1.206531258,-0.379222352,-0.178092044,-0.382311789,0.423392207,-0.335075483,-0.443966457
SZPN2018078,1.219224968,-0.279337651,-0.89283365,2.00535469,-0.514696954,0.521715172,-0.579483063,0.530254766,-0.415178748,-0.522998665,2.909352476,-0.853022133,0.370119492,0.518906644,-0.376833359,-0.684851199,0.873759221,0.882388808,-0.579551571,-0.560737092,-0.63646676,-0.283760634,0.001195158,3.345928454,0.01472372,-0.198105294,-0.384729414,-0.702396889,2.1852266,-0.508562863
SZPN2018081,1.746382335,-0.691095952,-0.977195361,0.680417775,-0.537681071,0.613734514,-0.579483063,-0.60750984,-0.748884403,1.634904605,-0.43809741,-0.759122143,0.522077717,-0.946996796,-0.423818538,5.305172954,-1.539004336,-0.75574943,-0.527089331,1.803034733,2.486191294,-0.286103263,-0.796553113,0.110135647,-0.633670722,-0.240599093,-0.458339666,-0.684764481,-0.30292537,-0.383680114
SZPN2018084,-0.422913,-0.587053784,0.027805396,-0.433178901,-0.535087393,0.575320605,-0.579483063,-0.558732853,-0.878633234,-0.436944744,-0.436553226,-0.740252315,0.220615248,-0.248438963,-0.424136367,-0.245791943,-0.694711149,1.517216719,-0.526748537,-0.561203201,0.796338511,2.940127657,-0.790056186,-0.454391904,0.379101395,-0.217662039,-0.455640393,0.515676828,-0.273360281,-0.329837549
SZPN2018092,0.597519043,1.019511694,0.283762312,-0.589855473,-0.489378493,-0.717683015,-0.579483063,1.558466554,-0.862390422,-0.613261823,-0.544055547,2.750129202,0.011573787,-0.299881406,-0.333632987,1.721842872,-0.504120141,-0.779483536,-0.634623379,0.69779325,-0.551201033,-0.272460119,0.370666217,-1.183635322,0.559035549,-0.140614649,-0.316532722,-0.732626937,-0.397812502,1.196626476
SZPN2018095,-0.271505728,-0.035082638,0.779775336,0.576916917,-0.497675725,0.361747758,-0.579483063,1.508523504,0.462324799,1.371806645,-0.479164039,0.473334563,0.619757473,1.470587944,-0.378842841,0.170710724,1.71852,4.053638061,1.035140985,-0.802076608,-0.535552105,-0.235170014,-0.885003027,-0.074116364,0.625434394,-0.089486589,1.929307895,-0.772882225,-0.17908902,-0.171575454
SZPN2019001,-0.295371422,-0.711805231,0.368420315,-0.375491586,-0.505641944,0.439623721,-0.579483063,1.212188086,-0.733503887,-0.514894679,2.196394068,1.028161785,-0.993905898,-0.739559483,3.913247028,-0.345009663,-0.600839225,1.440207115,-0.578252137,0.708941094,-0.581860396,-0.257276365,0.353333702,-0.436853135,-0.113797267,-0.132830251,2.22932063,0.417185681,-0.25705119,4.096627502
SZPN2019005,0.254145739,0.593710246,0.276099463,-0.274138421,1.064736288,0.586948943,-0.579483063,-0.53065507,2.853853464,1.50265173,-0.435628313,0.489142477,0.860690499,-0.39419924,-0.424327136,-0.405437445,-0.857981454,-0.789130893,1.347609717,-0.580439477,-0.682394065,-0.27405362,-0.786173045,-0.482650915,-0.492735973,-0.20464454,-0.454025594,-0.70075162,-0.256574612,-0.300013235
