ID,k__Bacteria.p__Firmicutes.c__Erysipelotrichi.o__Erysipelotrichales.f__Erysipelotrichaceae.g__.Eubacterium.,k__Bacteria.p__Actinobacteria.c__Coriobacteriia.o__Coriobacteriales.f__Coriobacteriaceae.g__Collinsella,k__Bacteria.p__Firmicutes.c__Clostridia.o__Clostridiales.f__Lachnospiraceae.g__Anaerostipes,k__Bacteria.p__Firmicutes.c__Clostridia.o__Clostridiales.f__Lachnospiraceae.g__[Ruminococcus],k__Bacteria.p__Firmicutes.c__Clostridia.o__Clostridiales.f__Lachnospiraceae.g__Ruminococcus,k__Bacteria.p__Firmicutes.c__Bacilli.o__Lactobacillales.f__Lactobacillaceae.g__Lactobacillus,k__Bacteria.p__Actinobacteria.c__Coriobacteriia.o__Coriobacteriales.f__Coriobacteriaceae.g__Adlercreutzia,k__Bacteria.p__Firmicutes.c__Clostridia.o__Clostridiales.f__.Mogibacteriaceae..g__Mogibacterium,k__Bacteria.p__Firmicutes.c__Clostridia.o__Clostridiales.f__Ruminococcaceae.g__Faecalibacterium,k__Bacteria.p__Actinobacteria.c__Actinobacteria.o__Actinomycetales.f__Corynebacteriaceae.g__Corynebacterium,k__Bacteria.p__Bacteroidetes.c__Bacteroidia.o__Bacteroidales.f__.Paraprevotellaceae..g__.Prevotella.,k__Bacteria.p__Firmicutes.c__Erysipelotrichi.o__Erysipelotrichales.f__Erysipelotrichaceae.g__Bulleidia,k__Bacteria.p__Actinobacteria.c__Actinobacteria.o__Actinomycetales.f__Actinomycetaceae.g__Actinomyces,k__Bacteria.p__Firmicutes.c__Clostridia.o__Clostridiales.f__Lachnospiraceae.g__,k__Bacteria.p__Bacteroidetes.c__Bacteroidia.o__Bacteroidales.f__.Odoribacteraceae..g__Butyricimonas,k__Bacteria.p__Firmicutes.c__Clostridia.o__Clostridiales.f__Ruminococcaceae.g__Ruminococcus,k__Bacteria.p__Firmicutes.c__Clostridia.o__Clostridiales.f__Lachnospiraceae.g__Roseburia,k__Bacteria.p__Proteobacteria.c__Deltaproteobacteria.o__Desulfovibrionales.f__Desulfovibrionaceae.g__Desulfovibrio,k__Bacteria.p__Actinobacteria.c__Coriobacteriia.o__Coriobacteriales.f__Coriobacteriaceae.g__Atopobium,k__Bacteria.p__Actinobacteria.c__Coriobacteriia.o__Coriobacteriales.f__Coriobacteriaceae.g__Slackia,k__Bacteria.p__Verrucomicrobia.c__Verrucomicrobiae.o__Verrucomicrobiales.f__Verrucomicrobiaceae.g__Akkermansia,k__Bacteria.p__Proteobacteria.c__Deltaproteobacteria.o__Desulfovibrionales.f__Desulfovibrionaceae.g__,k__Bacteria.p__Firmicutes.c__Bacilli.o__Turicibacterales.f__Turicibacteraceae.g__Turicibacter,k__Bacteria.p__Firmicutes.c__Erysipelotrichi.o__Erysipelotrichales.f__Erysipelotrichaceae.g__,k__Bacteria.p__Firmicutes.c__Clostridia.o__Clostridiales.f__Lachnospiraceae.g__Coprococcus,k__Bacteria.p__Firmicutes.c__Clostridia.o__Clostridiales.f__Veillonellaceae.g__Anaerovibrio,k__Bacteria.p__Firmicutes.c__Clostridia.o__Clostridiales.f__Ruminococcaceae.g__Subdoligranulum,k__Bacteria.p__Bacteroidetes.c__Bacteroidia.o__Bacteroidales.f__Rikenellaceae.g__,k__Bacteria.p__Firmicutes.c__Clostridia.o__Clostridiales.f__Lachnospiraceae.g__Clostridium
SZH2016001,-0.797545256,0.354424348,1.159935716,0.504240439,0.504240439,-0.526966133,1.382979445,-0.250940387,-0.191106988,-0.294808315,-0.303973622,1.135143557,1.151576126,1.455662444,-0.528838636,-0.143895339,0.349632744,0.973215201,1.780938473,-0.540394199,-0.663840516,-0.109237457,1.019745156,0.304247905,1.398456899,4.93E-08,-0.216094449,-0.510329931,0.297282092
SZH2016003,-0.619148406,0.38586565,-0.875448012,-0.041258289,-0.041258289,0.988676843,0.12979592,-0.128961956,-0.636505321,-0.252756842,-0.288034483,-0.461702674,-0.779351779,-0.633574464,-0.559218892,-0.589788295,-0.368293316,0.531157782,-0.371738847,-0.61823186,-0.710460723,-0.134883794,1.832960348,-0.589791592,-0.492972372,2.64E-09,-0.195443825,-0.588879916,-0.774620774
SZH2016004,-0.503878981,0.3975472,0.10962637,-0.269980696,-0.269980696,-0.574874921,0.556158108,-0.085463488,0.632037878,-0.188285542,-0.264016735,-0.369774699,-0.776044028,0.18938824,-0.472007214,4.731588048,2.214704263,1.303508908,-0.309494524,-0.603966977,-0.69059542,-0.161227937,0.952177076,-0.135074212,-0.321251124,9.20E-09,-0.241136029,-0.512857806,0.359829211
SZH2016007,-0.689752663,-0.042512751,0.460899402,0.235127171,0.235127171,0.956248943,0.40902523,-0.165331073,-1.269300088,-0.254818836,-0.291657662,-0.489843346,-0.755347277,0.868843745,0.90301653,-0.029863602,0.292150581,0.297512941,-0.376995348,-0.569891211,0.576791713,-0.140730977,1.050542954,0.214261786,-0.180926184,1.43E-08,3.579546014,-0.591981617,0.921261612
SZH2016010,-0.613962301,0.313786716,-0.933241867,-0.412161821,-0.412161821,-0.553664889,1.898648333,-0.147206056,0.137258837,-0.213701114,-0.274932077,1.804415483,0.378004513,-0.018079583,-0.451567926,0.904919675,1.950182751,1.481958098,-0.324205659,1.291353429,-0.653863556,-0.138275577,-0.716243437,-0.11994487,-0.558845853,6.31E-08,-0.255657064,-0.458006729,0.235796
SZH2016012,0.731726405,-0.988977386,0.138998215,0.69536763,0.69536763,-0.556139717,-0.858493057,-0.124868302,-0.944090106,-0.252499883,-0.28758367,-0.458257652,1.054109772,-0.802228886,-0.559449328,-0.579121826,-0.40075777,-0.786568873,2.226972288,-0.624442805,-0.707493861,-0.134165612,1.083964624,0.11824836,0.91020388,2.13E-09,-0.191962521,-0.588492902,0.473827711
SZH2016023,0.627373335,-0.052932293,-0.818269818,0.321449591,0.321449591,-0.525127395,-0.710525176,-0.224821537,-0.692887438,-0.312849459,-0.304842925,-0.549933698,-0.846664487,-0.054094042,-0.517435761,-0.64398328,-0.14093864,-0.694716684,-0.395667982,-0.592980726,1.065841814,-0.089399867,-0.764087525,-0.611586075,-0.2832599,1.04E-08,-0.172099015,-0.468390554,-0.833001649
SZH2017005,0.592438819,-1.035195066,1.111035951,-0.010695279,-0.010695279,1.105748088,-0.71027838,-0.218731367,-0.448811281,2.308033164,-0.304375108,1.294530669,0.855581282,2.335563605,1.071871892,0.778007546,2.801487412,0.439953051,-0.394987786,-0.599037075,-0.595610633,-0.088872819,2.207392961,-0.32875345,0.114274102,8.49E-09,-0.168916648,-0.468054423,0.176277923
SZH2018002,-0.627723596,0.33370163,0.22920461,0.023400691,0.023400691,-0.554525749,0.326726169,-0.133153708,-0.035313945,-0.253013976,-0.288485758,1.520770368,-0.776326882,-1.056065802,-0.558988515,1.070171351,-0.762945968,0.272128769,-0.37239334,-0.612058435,-0.713434011,-0.135604791,1.215423622,-0.480625933,-1.312167315,3.26E-09,-0.198968871,-0.589267085,-0.772101484
SZH2018004,-0.7690369,-1.066539832,1.264586144,-0.013610324,-0.013610324,-0.545441917,0.560626312,-0.205846128,0.597886485,-0.24826745,-0.293740951,1.307784194,0.976950265,6.634984307,-0.562052388,0.420661848,-0.084392282,-0.73246513,2.311381931,-0.512924694,-0.787467417,-0.158459062,-0.566105521,-0.523601377,0.667145425,8.34E-08,-0.273733212,-0.618034302,2.341475019
SZH2018006,1.328262253,0.230709842,0.190723246,0.195711601,0.195711601,-0.583445561,-0.926997177,-0.074221193,-0.606504048,-0.173953371,-0.259840514,-0.352838648,-0.747473731,0.429504318,4.273227754,-0.199043987,-0.402277423,-0.772526257,-0.303936571,-0.598142426,0.851761416,-0.184194611,-0.54686669,-0.000817981,-0.267348339,9.58E-09,-0.260469258,2.115124208,0.40492498
SZH2018008,-0.480423527,-0.804362099,-0.025314497,0.106634508,0.106634508,1.9641066,-0.926708596,-0.071539951,0.710847355,-0.173754811,-0.259419395,-0.349932932,-0.750431731,-0.847949606,-0.484680106,-0.170881302,-0.550556089,-0.77607887,-0.303362537,1.825555679,0.578806896,-0.183296196,-0.545223768,0.542345762,0.31850944,7.83E-09,-0.256230973,-0.553807494,-0.759673077
SZH2018009,-0.49206494,0.663577001,0.407330293,-0.233659625,-0.233659625,0.95065473,0.619853265,-0.078260495,-0.831715719,-0.180917439,-0.261711342,-0.35976627,0.669187248,0.708396899,-0.478317628,0.519114549,0.786299187,0.559524855,2.503000054,-0.604098726,0.648316917,-0.172011147,0.881157049,-0.237297249,0.269572134,8.49E-09,-0.248606426,0.96700023,-0.770799417
SZH2018010,0.682593914,-0.995918802,-0.05458054,0.078816884,0.078816884,3.6183213,-0.940850691,-0.115578059,-0.09349529,-0.227274158,-0.28252675,-0.440974228,-0.729327703,-0.287030996,-0.579445786,-1.28291272,-0.428677252,-0.807455477,-0.363987927,-0.594154113,0.465589564,-0.168152191,-0.487958704,-0.58559979,-0.639627098,4.99E-09,-0.230652663,-0.658024696,-0.731635851
SZH2018020,-0.46824546,0.534974851,0.340963535,-0.061976732,-0.061976732,-0.572114393,0.329581636,-0.076470895,-0.55286156,-0.20187748,4.115373889,-0.365962707,-0.827032848,-0.215840362,-0.461176943,-0.37805392,-0.60202002,-0.753600801,-0.31101924,-0.653733052,-0.626428889,-0.13527039,-0.651613002,0.276844421,-0.464676237,1.95E-09,-0.197050025,-0.47112515,0.341192094
SZH2018021,-0.500724578,0.237866405,-0.871203181,-0.417134745,-0.417134745,0.918698543,-0.845901323,-0.08685142,-0.799207357,-0.195429812,-0.265479855,-0.373881115,-0.795156574,-0.796865045,1.851616385,1.648699657,-0.138034576,0.678928986,-0.311422022,-0.616118875,-0.663819859,6.556156874,-0.631085344,-1.141536157,-0.289931938,6.65E-09,-0.225984274,2.440565407,0.219393581
SZH2018023,-0.481598887,1.995700415,-0.878143032,-0.273947295,-0.273947295,0.885218213,0.184698864,-0.076725403,-1.080730943,-0.187656178,-0.262741257,-0.360838179,0.560209324,-0.814761074,-0.472630108,-0.426398674,-0.588082972,0.367333219,-0.307754038,1.601382119,1.138671121,-0.158784734,-0.598713764,-0.294086928,3.755592026,4.98E-09,-0.229202807,1.349077693,-0.789649194
SZH2018026,2.684322843,2.650605291,-0.9076821,0.316922109,0.316922109,-0.558304805,-0.885837622,-0.127089879,-0.760007207,-0.244226317,-0.286490347,-0.457010995,1.63039113,-1.093409134,-0.565757739,-0.6214985,-0.999687082,-0.788698246,-0.369577918,0.987733914,-0.73818826,-0.145894797,1.95090054,-0.177225492,0.298336378,3.70E-09,-0.209173366,-0.611676046,-0.758470941
SZH2018028,0.634183897,0.127019936,-1.043084118,-1.15930978,-1.15930978,1.065713756,-0.752343346,-0.26637448,-0.302011002,-0.234333459,-0.286847305,-0.509133116,-0.765232544,-0.464386532,-0.436274959,-0.736513547,-0.748255111,-0.609690072,-0.340406941,-0.462341454,-0.658173962,-0.131277759,-0.818347711,-1.168946636,-0.61228016,6.95E-07,-0.311198117,-0.426724832,-0.774987723
SZH2018029,0.161274408,-0.028494631,-0.144372996,0.484413144,0.484413144,-0.529538871,-0.753109787,-0.287588501,-1.393448592,-0.235066969,-0.288198856,-0.520212536,-0.756276141,-0.294102357,-0.435682401,0.102500327,-0.452959591,0.912956953,-0.342264907,-0.446958666,1.61807572,-0.133406572,-0.824646476,1.922443194,-0.3791239,8.70E-07,-0.325792874,-0.427677083,1.838147637
SZH2018030,-0.834574895,-1.093830238,0.109312216,-0.080117137,-0.080117137,-0.536958724,-0.865133516,-0.252151322,-1.414887919,-0.258715436,-0.298531183,-0.545412601,0.696935322,0.575374004,-0.5539349,-0.320716862,1.972695505,-0.7032764,-0.386978188,-0.485639305,-0.780460196,-0.152188671,-0.604370731,-1.3399688,-0.676616916,2.00E-07,-0.287946193,-0.597824115,0.480819242
SZH2018031,-0.640631116,-0.882117122,-0.331161928,-0.043840353,-0.043840353,-0.567778044,-0.932490039,-0.141485169,-1.302874981,5.079516917,-0.267928477,-0.411002208,1.182642036,-0.745890007,-0.480471769,-0.717494107,-0.285559079,-0.706849886,-0.314978362,-0.489513687,0.614492276,-0.201855884,-0.578658957,-0.056495651,-0.411521907,2.69E-07,-0.350006151,-0.561295052,0.511758828
SZH2018032,-0.645701635,0.141417074,-0.271362123,-0.273962804,-0.273962804,-0.563960265,-0.904887525,-0.148040857,-0.115970018,-0.184827111,-0.269837765,-0.418632193,-0.707594165,0.52524455,-0.474351856,1.219288,2.908845973,-0.698153623,-0.317518657,-0.494783473,-0.769609286,-0.188856063,0.876424602,-0.393570145,-0.750705231,2.46E-07,-0.335581604,-0.540038897,0.473575969
SZH2018034,0.658275681,-0.916865845,3.451013124,-0.246845536,-0.246845536,1.001655841,0.347734139,-0.221559183,-0.116327692,-0.2169284,-0.281101254,-0.477739448,0.452696318,-0.442176878,-0.44874678,0.494292372,-0.445292,0.660333079,-0.332662844,-0.473004153,1.269521887,-0.14881488,0.808445774,-0.263906578,2.474491003,5.17E-07,-0.319193468,-0.462663079,-0.757728013
SZH2018035,-0.617778166,1.30238832,0.06222793,0.362790911,0.362790911,-0.562099385,2.167334552,-0.121232479,-0.96206589,-0.235646892,3.059527275,1.619078439,0.600390853,0.060935558,0.920362637,0.695104734,-0.354418862,1.903069426,-0.36677612,-0.600086398,-0.763375485,-0.156739784,-0.513389356,1.31472682,2.028126942,4.40E-09,-0.219733282,-0.634594502,-0.744982425
SZH2018036,-0.875949895,0.497311114,-0.370068576,0.949775288,0.949775288,-0.533801429,-0.866243167,-0.279673592,1.0249382,-0.25976123,-0.300381793,-0.56085484,0.672987879,-0.780232462,-0.553019079,-0.638420068,-1.152119345,-0.689930583,-0.389668302,-0.46456115,-0.79297581,-0.155354572,-0.611386522,0.590165297,0.373481491,3.55E-07,-0.306546509,0.844890192,-0.708281485
SZH2018037,-0.715918029,2.747302979,-1.029515311,-0.992287045,-0.992287045,-0.55320025,0.070194111,5.949354076,0.430388415,-0.238354242,-0.289453495,1.765780207,1.327184305,-0.629748856,-0.570009036,-0.620315843,-1.016855751,-0.75884609,-0.373954396,2.033746299,0.419356825,-0.165746341,-0.530971476,0.867102947,-0.686705362,3.83E-08,-0.264273332,-0.639059855,-0.718160206
SZH2018038,0.904674467,0.598675036,1.118878466,0.378066484,0.378066484,0.889261683,0.295938259,-0.10882915,-0.995448841,-0.189759808,-0.267008843,-0.391171668,0.574567342,0.873636605,-0.47055578,-0.557634772,-0.181297218,0.385711765,-0.313580593,2.553278296,-0.711239989,-0.167033138,-0.616246023,1.479314975,-0.542993054,3.55E-08,-0.270593182,-0.515351,0.506225594
SZH2018039,2.183661992,-0.244493441,0.042185468,0.014912013,0.014912013,0.997661259,-0.862916705,-0.202705734,-0.557475373,-0.256632317,-0.294852296,-0.515317893,-0.734708009,-0.09467177,3.396098726,0.956325995,1.370830372,-0.730426919,-0.381633381,-0.529544096,-0.75573142,-0.145996998,-0.590486327,-0.538498137,-0.138240693,5.30E-08,-0.253015136,4.898722656,0.411708991
SZH2018040,-0.814037172,-0.022364896,-0.318440063,-0.366155601,-0.366155601,-0.533214024,1.429849967,-0.277169718,-0.215222581,-0.226708254,-0.286204756,-0.511473241,1.572820126,0.121318393,-0.441487316,2.488156005,-0.75589312,0.722404116,-0.33959792,2.677780352,-0.690671752,-0.143575832,-0.790699157,0.205528449,1.539336258,8.95E-07,-0.339946602,-0.446095866,-0.75385998
SZH2018041,-0.788343623,0.364249309,-0.080454641,-0.338145145,-0.338145145,2.820994091,-0.802688298,-0.25343475,0.419031139,-0.218089069,-0.283326429,-0.495576612,-0.731056416,-0.284140205,-0.447741902,-0.725406584,0.330342997,-0.622665255,-0.335717471,-0.447178027,-0.709071036,-0.152716234,-0.753592674,-0.020049309,-0.545715264,8.30E-07,-0.344161702,-0.464333183,1.532750048
SZH2018042,-0.813044516,0.058589766,-0.941828824,-0.51940799,-0.51940799,-0.517308479,0.780095321,-0.308498734,-0.356873831,-0.269776664,-0.294890001,-0.544540697,0.60989014,-0.767024081,-0.413514934,-0.478442139,-0.612356673,1.357183208,-0.351172084,-0.4828973,1.198984681,-0.096288021,0.111220142,-0.029462021,-0.362110807,5.41E-07,-0.260044279,2.403553338,-0.831050762
SZH2018043,-0.786761418,0.014189346,-1.169504833,-0.325813889,-0.325813889,-0.545129898,0.192792022,-0.240923655,-1.240942807,-0.202634183,-0.279834081,1.233013324,0.598605788,-0.976012601,-0.459395165,-0.759489116,-1.398952059,-0.635805938,-0.331069931,-0.432328773,2.687961665,-0.176571123,-0.691980653,-0.383735292,-0.8749243,9.18E-07,-0.379291336,-0.503937983,-0.716371244
SZH2018044,-0.93104076,0.106829228,-1.100680035,1.180126708,1.180126708,-0.52334205,-0.814901572,-0.331745889,-1.399877082,-0.279383522,-0.306381567,-0.595462032,-0.718910728,-0.687361601,-0.538816675,-0.850573706,0.819146283,0.661094527,1.713468825,-0.454017559,-0.754239292,-0.137250551,-0.677985826,-1.352037277,-0.344859219,5.06E-07,-0.298760231,-0.557124835,0.517040356
SZH2018045,-0.780088177,0.167216679,-0.162063584,-0.182772011,-0.182772011,-0.53268088,0.868026247,-0.259541498,1.161431261,-0.234089301,-0.286397714,-0.505472623,-0.768231913,-0.66963213,-0.43647259,-0.033096312,-0.644101525,-0.612774161,-0.339789066,-0.467541175,0.840089321,-0.130573737,-0.816254404,0.069669547,0.010701944,6.30E-07,-0.30642959,-0.426407711,-0.777512508
SZH2018046,0.215884127,0.055710701,0.136185407,-0.386981525,-0.386981525,1.2192881,0.427306792,-0.26637448,-1.110481519,-0.234333459,-0.286847305,1.114340403,0.424740115,-0.587814058,-0.436274959,1.012875996,-1.376453951,0.752487869,-0.340406941,1.44046861,0.839336282,-0.131277759,0.387131825,-0.376255833,-0.39613533,6.95E-07,-0.311198117,-0.426724832,0.31236285
SZH2018047,-0.983342971,-1.146602138,-0.109883578,0.526601999,0.526601999,2.519640228,0.587745663,-0.393731712,-0.975969751,-0.309731611,-0.314092383,1.515898148,1.920582476,-1.090532093,-0.518596308,-0.090754193,0.409649719,-0.625589278,2.142885229,-0.453685433,-0.689192191,-0.111178503,-0.779608757,-1.366913046,0.289493298,5.79E-07,-0.273893903,-0.496193457,1.706663456
SZH2018048,1.694016894,0.325348045,-0.977020637,-0.123536447,-0.123536447,-0.58650776,0.132842417,-0.072993347,0.442308588,-0.167374524,-0.258398182,-0.348881919,-0.729052286,0.720274969,-0.490456873,-0.214525064,0.886554784,0.333824921,-0.302039512,0.88961105,1.406221971,-0.197916582,-0.522013686,-0.389068896,-0.165758458,1.32E-08,-0.277121927,1.011007653,-0.741247482
SZH2018049,1.152593326,-0.96386277,-1.081727875,-0.414634216,-0.414634216,-0.522761605,-0.729772209,-0.328945981,1.307942493,-0.244636726,-0.292018806,-0.544200077,0.587909227,-0.877929365,-0.429142765,-0.703093197,-0.497458463,-0.580581021,-0.347445276,-0.431791867,0.847299154,-0.126499836,0.34006863,-1.175596615,-0.609389059,9.00E-07,-0.331616587,-0.410980828,-0.771068309
SZH2018050,-0.866873737,0.60913739,-1.081727875,-0.28000675,-0.28000675,-0.522761605,-0.729772209,-0.328945981,0.182809131,-0.244636726,-0.292018806,-0.544200077,-0.760093681,-0.70012298,-0.429142765,-0.625760204,-0.754389876,-0.580581021,-0.347445276,-0.431791867,-0.654630367,-0.126499836,0.295990023,0.008855453,-0.302530781,9.00E-07,4.307094516,-0.410980828,-0.771068309
SZH2018051,-0.626341945,-0.124247932,0.756492095,-0.030906144,-0.030906144,1.002998462,0.256920522,-0.125237949,1.595778896,-0.235892148,-0.284951654,-0.452349156,-0.741856011,-0.130849062,1.015866776,-0.391453154,-0.342999865,0.336716883,-0.367425026,-0.594023669,0.480311281,5.526586,-0.514972696,-0.502072442,0.142365292,5.42E-09,4.346099022,0.708788789,-0.742520106
SZH2018053,1.187053253,-0.136889833,-0.850697019,1.664140313,1.664140313,-0.557756516,-0.857941035,-0.116970836,-1.435584635,3.116789181,-0.286683433,2.12589506,1.260374491,-0.725441276,-0.559910373,-0.538937022,-1.087179536,-0.793759554,2.184535219,-0.636977421,-0.701579432,-0.132737668,-0.55996129,-1.330476524,0.512766351,1.38E-09,-0.185130341,-0.58771934,1.046258455
SZH2018057,-0.972175845,-0.353880891,0.003646254,-0.190761293,-0.190761293,-0.510951778,-0.740307077,-0.3849137,0.276920638,-0.309437623,-0.313615415,-0.632858867,-0.759534912,-0.069335955,1.070825349,0.60922365,-0.891546597,-0.62872176,-0.408517512,-0.45882458,1.996685095,-0.110556352,0.590075072,-0.664392817,1.328488665,5.18E-07,-0.269510834,-0.495845078,0.441117276
SZH2018058,0.271309315,-0.930153006,-1.033921828,-0.318609386,-0.318609386,-0.53268088,-0.752087969,-0.259541498,0.055242031,-0.234089301,-0.286397714,-0.505472623,-0.768231913,0.050703916,-0.43647259,-0.600034254,-0.058923474,-0.612774161,-0.339789066,-0.467541175,-0.655323435,-0.130573737,1.276655027,0.422918343,-0.598061469,6.30E-07,-0.30642959,-0.426407711,0.314285519
SZH2018061,0.08259875,-0.956530574,0.2909891,-0.297035585,-0.297035585,-0.517058999,-0.681993836,-0.336190632,1.024811144,-0.261914944,-0.295151386,-0.554680651,-0.798127803,2.380309893,-0.418170445,-0.835518477,-0.602964986,-0.571102449,2.188295604,-0.451719025,-0.603145079,-0.107284818,2.75593906,1.70233452,0.635508995,8.79E-07,-0.294802246,-0.375900968,0.209326922
SZH2018062,-0.846166983,-0.017466032,-1.063077623,-0.231787965,-0.231787965,1.604561969,0.994921147,-0.313359467,1.673896444,-0.244134152,-0.291109497,-0.536588771,0.621815746,-0.728023571,-0.429534023,-0.27294497,-0.764800899,-0.586578328,-0.346193862,-0.441794115,0.878127875,-0.125132543,0.440705623,0.055784373,-0.291935366,9.18E-07,-0.321724882,-0.410361561,-0.776107749
SZH2018067,-0.785788687,0.24633841,-0.094913963,0.031011939,0.031011939,-0.529007977,-0.727767409,-0.269518337,2.254465444,-0.242630614,-0.288392695,-0.514148755,-0.784187615,-0.783071066,-0.430709139,0.496125851,-0.676679591,-0.604795432,-0.342457023,-0.47266353,-0.63207458,-0.121096298,-0.850835089,0.695747136,-0.268490975,5.92E-07,-0.293206942,-0.408507292,-0.791341164
SZH2018068,1.830503557,0.300720661,0.388677658,-0.075251013,-0.075251013,-0.589579607,0.176468711,-0.071781506,1.517072926,-0.160974804,-0.256961203,-0.344953813,0.671257346,-0.494621373,-0.496490173,-0.268082752,0.387724987,-0.783881037,-0.300150225,-0.574419017,0.436860954,-0.212333654,-0.497868293,-0.146449879,0.329713766,1.80E-08,-0.294465102,-0.598652138,-0.725511443
SZH2018072,-0.614205023,1.177940113,0.077183021,-0.089575577,-0.089575577,-0.55911475,0.572472946,-0.123040431,0.213858102,-0.243975231,-0.286041122,-0.453587869,-0.763455111,0.424694031,1.10129147,-0.597986027,-0.236427565,1.976038248,-0.368926587,0.744192594,-0.735162231,-0.145134273,1.329863622,-0.304555138,0.229245621,3.00E-09,-0.205523615,1.032000074,-0.760964134
SZH2018074,0.562459647,-0.070095324,0.227906293,0.000569166,0.000569166,0.985041747,-0.781792328,-0.157352644,-0.174940693,-0.280916695,-0.294984453,-0.493754406,0.479789522,0.801845002,1.028249895,0.010481124,-0.233351523,0.666662307,-0.381586239,1.035663513,0.882391419,-0.108541448,-0.654499135,-0.513107896,-0.127536883,2.75E-09,-0.17364713,-0.52543353,0.278163718
SZH2018075,-0.659885553,0.371731098,-1.035625322,0.154679816,0.154679816,-0.564830647,-0.970846087,-0.133929664,-1.295281863,-0.220509387,3.165223858,-0.453283724,-0.696923122,-0.816997903,-0.584942797,-1.326620772,-0.294083523,-0.795106684,-0.365079891,1.668046866,-0.834258398,-0.185515165,-0.472283411,-0.511810654,-0.845991467,1.87E-08,-0.267099697,-0.684509933,-0.704041519
SZH2018076,-0.640020515,-0.106227587,0.655887336,-0.15117303,-0.15117303,-0.55668704,0.561259902,-0.135482659,0.924619345,-0.244729014,-0.287390187,-0.463905444,-0.754511374,0.523099497,-0.565293756,-0.225435223,-0.937505411,-0.781534615,-0.370882781,-0.593893241,0.562160139,-0.147424513,-0.542889164,-0.126797368,0.07749641,5.89E-09,-0.216606446,0.737156223,-0.753498933
SZH2018077,0.216967946,-0.03829516,0.417158688,-0.169590252,-0.169590252,-0.531387049,1.274553859,-0.318269803,1.216448834,-0.220188997,-0.287360852,1.157746671,0.589500514,0.291044052,-0.445936665,-0.080781815,1.495271217,0.823378772,-0.341261289,-0.402949497,0.571502439,-0.159923569,0.891618568,0.195739516,-0.180376578,-1.91E-07,-0.392195624,-0.467348826,0.974563038
SZH2018078,-0.848835218,-0.962313363,-1.162980739,0.097241566,0.097241566,-0.533747496,-0.804281615,-0.295573469,1.518060007,-0.219487487,-0.286011882,-0.517517595,-0.713687229,-0.261582002,1.83878757,-0.884545411,-1.398621418,-0.604121842,-0.339406844,-0.417371659,-0.726988891,-0.157494558,-0.765621927,-1.162838075,-0.628401805,7.27E-07,2.024585679,-0.46634226,0.394069962
SZH2019002,0.223727741,-0.014118301,-0.247211493,-0.257753824,-0.257753824,1.089444155,0.901489666,2.552868125,0.195632343,-0.235802036,-0.289554574,-0.531439218,-0.747382262,-0.489444769,-0.435090347,4.480220098,-0.756793793,-0.591383131,-0.344129389,-0.431899215,0.768375928,-0.135560616,0.286347451,-0.112751656,-0.256820435,9.15E-07,-0.340823965,-0.428630669,-0.759939702
SZH2019003,0.273386954,0.005601083,-0.312979864,-0.098398632,-0.098398632,1.907903406,0.562156934,-0.302332683,0.937986513,-0.23555684,-0.289102205,-0.5276806,-0.750339944,-0.493884848,-0.435287642,0.206695452,-0.273760085,-0.594410793,-0.343507171,1.788767747,-0.672524398,-0.134839789,-0.828861354,-1.170652779,0.344195922,9.26E-07,-0.33576492,-0.428312659,-0.762435721
SZH2019004,-0.846166983,-0.955501801,-0.063072742,0.253693399,0.253693399,-0.524318975,-0.729270699,-0.313359467,-1.897049584,-0.244134152,-0.291109497,-0.536588771,-0.766075445,1.86705363,4.224917296,-0.829792351,-1.380825688,-0.586578328,-0.346193862,-0.441794115,-0.648952099,-0.125132543,-0.863749927,-1.174912474,-0.43104491,9.18E-07,-0.321724882,2.176317524,1.475161048
SZH2019005,-0.140148785,-0.280039924,-0.610831249,0.363647181,0.363647181,-0.536193606,1.055623922,-0.329586881,0.521576032,-0.236242879,-0.299322095,-0.576208904,-0.626327787,-0.945994045,-0.570773663,3.728386056,-1.12966176,-0.6792985,-0.388369399,-0.395619644,0.115169229,-0.201470622,-0.546729958,3.60056101,-0.1223305,8.62E-07,-0.408257138,-0.673452543,-0.644674139
SZH2019006,-1.038397184,-0.344685932,-0.180855384,-0.183615972,-0.183615972,1.144363823,0.472266215,-0.421794462,0.743458499,-0.29152665,-0.312729972,-0.642431416,-0.708224771,-0.523009461,-0.530237802,-0.599712621,-0.316011508,-0.623048731,-0.407393797,-0.414072615,0.518854848,-0.133737579,1.840000327,-0.235652115,1.173091691,9.26E-07,-0.32848045,1.053329191,-0.716278444
SZH2019007,0.369362092,-1.04836996,-0.040825815,-0.084227326,-0.084227326,-0.552395484,0.120904518,-0.175938419,2.459920735,-0.238601405,-0.289906225,-0.490825296,-0.709923061,-0.517141031,0.904659719,-0.304054601,-0.220340147,0.338618577,-0.374611368,-0.529787502,-0.800807797,-0.166583037,-0.532587921,-0.644104114,-0.647946467,4.59E-08,-0.268599728,1.089711389,0.717790308
SZH2019008,-0.759352031,-0.275567213,0.494562327,0.051986231,0.051986231,-0.546240544,-0.890060588,-0.20011616,1.641075249,-0.248013568,-0.29328431,-0.510294917,0.644058492,-0.502025712,0.987111087,-0.45103168,-0.916303908,2.03520997,-0.379435957,-0.518468358,-0.784340123,-0.157651778,-0.564427475,-0.557319212,-0.39131807,7.02E-08,-0.26935184,2.221686754,0.827779004
SZH2019009,0.344935015,-1.049451703,1.479562911,0.106109531,0.106109531,-0.544901349,-0.862363022,-0.191479131,0.68766091,-0.256113299,2.928626821,1.229443443,0.526496242,-0.594175083,-0.556228515,-0.30539863,0.756920605,0.354441182,-0.380304549,-0.540887115,0.531168026,-0.144478054,-0.587045836,1.558613324,-0.413525711,3.69E-08,-0.244748599,-0.59392523,-0.742243881
SZH2019010,0.552862341,-0.207658434,0.370502448,-0.20341211,-0.20341211,-0.549700823,-0.860703219,-0.160423491,-0.606974068,-0.254560472,-0.291203142,-0.48626916,-0.758323515,-0.928249125,-0.55760747,-0.527341306,-0.852779295,-0.758190647,-0.376335714,-0.575803274,0.595701151,-0.139990143,-0.576797687,-0.678005633,-0.509651797,1.17E-08,-0.22104833,-0.591593361,-0.75708642
SZH2019012,1.182608974,0.24125064,-0.145872061,-0.025490324,-0.025490324,-0.562387961,0.35460888,-0.14715948,0.265296994,-0.221213125,-0.284567102,1.467450503,0.741940421,-0.732978823,-0.584232602,-0.546561126,-0.719034558,-0.784324306,2.542992163,2.061392685,-0.843953302,-0.188242584,-0.476803518,-0.423680678,-0.052921483,3.30E-08,-0.280311904,-0.685782683,-0.696911217
SZH2019013,-0.693583844,-0.044856561,-0.061585185,-0.1046583,-0.1046583,1.151936394,-0.888088418,-0.163088168,0.418351421,-0.246241293,-0.290100817,-0.484975639,-0.736811384,-0.001397487,-0.563903203,-0.62844707,1.085667775,0.280837789,-0.374814974,-0.558304123,0.494181104,-0.152083332,-0.552766232,-0.453719618,0.231848765,1.95E-08,-0.239987006,-0.614850177,0.54486963
SZH2019014,-0.71864696,0.098919468,-0.089946286,-0.266782002,-0.266782002,-0.534510527,-0.72601592,-0.223776556,2.139904587,-0.24088441,-0.285244163,-0.488711717,-0.805635097,-0.15454132,-0.432082652,-0.521053203,0.898004303,0.660476733,-0.338130322,-0.510326411,-0.612683599,-0.116510553,-0.835910623,0.196317248,0.047789716,2.39E-07,-0.262100476,1.676558954,0.33043257
SZH2019015,0.432662834,-0.044469635,0.48284145,-0.03548049,-0.03548049,-0.543050271,0.341744967,-0.223713677,-0.161197599,-0.249030145,-0.29511366,-0.525121756,-0.705009525,-0.548657966,1.047854004,-0.339087923,-0.12241396,0.561652862,-0.382092705,2.264348755,0.43244266,-0.160898703,1.22545938,-0.035047429,1.018000238,1.37E-07,3.524562951,-0.619230926,0.42681847
SZH2019016,0.731124377,-0.212898672,-0.186218942,-0.031445633,-0.031445633,-0.562387961,0.120435571,-0.14715948,-0.200497067,-0.221213125,-0.284567102,-0.463596996,-0.688453952,-0.27940899,0.795479718,0.287033416,-0.162538071,0.261820025,-0.367023047,-0.535687215,0.27142418,-0.188242584,-0.476803518,-0.409135008,-0.531175292,3.30E-08,-0.280311904,-0.685782683,0.458921853
SZH2019017,0.779427759,0.308851234,-0.280541433,0.553984753,0.553984753,-0.580420108,1.786521426,-0.105875841,0.627515668,-0.163051969,3.407546022,-0.377474415,0.678927861,-0.99307799,-0.494137945,-0.502394072,-0.16483442,0.41146324,-0.306459767,-0.511517016,0.340074337,-0.223456241,-0.515123113,-0.183743722,-1.096480919,1.29E-07,-0.348222617,-0.602962506,0.449920743
SZH2019018,0.742211629,0.273192243,0.036631056,-0.173751629,-0.173751629,-0.565038132,0.857436933,-0.128257878,-0.081795942,-0.190817789,-0.269159789,-0.406925347,0.385494341,0.344613336,1.568397541,0.310692579,0.009856163,0.409829668,-0.316520618,-0.533385148,0.613037489,-0.171269847,-0.6251274,0.109284889,0.938352998,8.62E-08,-0.293038932,1.567090159,0.699802818
SZH2019019,0.804763213,0.184783284,-0.183948508,1.404941096,1.404941096,0.878779379,0.287119354,-0.118423765,-0.969393076,4.498321771,-0.266824611,2.073859032,0.848164044,2.280074798,1.451236076,-0.663721578,0.539848449,-0.721773924,-0.313399172,0.966415773,-0.748104223,-0.182520891,1.557737049,1.243060556,-0.369443133,8.05E-08,-0.301537897,0.99054479,1.347149485
SZH2019020,0.770006669,0.019879293,-0.008871886,0.03668236,0.03668236,-0.553460003,0.520089566,-0.153473659,-0.075381553,-0.245736502,-0.28919542,1.318505369,-0.742683621,0.024918325,-0.564366488,0.107323212,0.575387783,-0.767322705,-0.373501307,1.01333832,0.509789715,-0.150518742,-0.549461759,-0.444411037,0.162455481,1.32E-08,-0.232011897,0.773734827,0.451009183
SZH2019021,0.389842808,-0.202383322,-1.091309241,0.017163729,0.017163729,-0.559951652,-0.08742811,-0.16131157,-1.111718695,-0.221918399,4.091061615,1.247038021,-0.680046858,-0.425160529,0.775642532,-1.365819918,-0.24339904,-0.77362846,-0.368972793,1.389446753,-0.853703847,-0.190997965,1.98181117,-1.318167049,-0.840119261,5.69E-08,-0.293949264,-0.687056857,-0.689823874
SZH2019022,0.586690018,0.843999623,0.017711019,0.514675809,0.514675809,-0.564830647,0.374044251,6.426104671,0.911533465,-0.220509387,-0.28322676,1.347237828,1.472139083,-0.728342046,-0.584942797,2.586257007,-0.888314155,-0.795106684,-0.365079891,1.064679285,-0.834258398,-0.185515165,-0.472283411,2.384497215,-0.426976086,1.87E-08,-0.267099697,-0.684509933,-0.704041519
SZH2019023,4.196985981,-1.10671451,0.082039526,0.522125048,0.522125048,-0.509913313,1.021783266,-0.341969166,0.172629011,-0.327746412,-0.314025108,0.906772623,0.478556256,0.893906682,-0.507764659,-0.775703895,0.926989167,-0.637584952,1.81902912,-0.511970462,0.987346678,-0.090000396,2.06441865,3.28379834,1.192762385,1.41E-07,-0.214290645,-0.454329504,0.224211074
SZH2019024,-0.649635086,2.458169423,-0.289652774,-0.057223719,-0.057223719,-0.572488771,0.727612388,-0.12195656,-0.113748852,3.924836872,-0.27929298,-0.437329361,1.02601999,1.050992754,-0.598910497,-0.634436989,0.016099538,0.259618074,2.048066395,0.982362188,0.164509835,-0.211801502,-0.424797877,1.571196671,1.657485778,2.36E-08,-0.292356981,-0.734055333,-0.678368865
SZH2019025,-0.848835218,0.792073963,8.255214639,-0.151786422,-0.151786422,-0.533747496,-0.804281615,-0.295573469,-0.740241842,-0.219487487,-0.286011882,-0.517517595,-0.713687229,1.226089147,-0.446537904,-0.713781341,3.232689297,4.214342607,-0.339406844,-0.417371659,0.946720141,-0.157494558,-0.765621927,0.888028506,-0.568143863,7.27E-07,-0.375738984,-0.46634226,0.479026646
SZH2019026,0.196992195,-0.974918857,1.409451749,1.000920328,1.000920328,-0.531387049,-0.805078975,2.371961581,-1.276855812,-0.220188997,-0.287360852,1.229906146,1.280092429,0.064863858,-0.445936665,-0.900650277,3.600750392,-0.594977224,-0.341261289,-0.402949497,-0.736034201,-0.159923569,-0.771678867,-1.163858767,-1.408396182,-1.91E-07,-0.392195624,-0.467348826,0.671922902
SZH2019028,-0.621963378,0.10238428,-1.161432561,-1.047219814,-1.047219814,-0.576285131,0.325163881,-0.124917904,-0.079248198,-0.164002442,-0.263711097,-0.392878833,0.581505333,-0.259034124,-0.493071034,-0.484543706,-0.758662539,0.383245079,-0.309356157,-0.484393979,1.717203726,-0.228641177,-0.523086234,2.251064801,-0.969557418,2.77E-07,2.657739382,-0.604927994,0.497949638
SZH2019029,0.477232509,-0.902189621,-0.115159989,-0.008839263,-0.008839263,-0.563697592,1.308487089,-0.164939487,0.612962793,-0.178767144,-0.270084326,-0.427251231,0.75132199,2.099532136,-0.479423239,0.334569901,1.874983746,1.858069631,-0.317926886,-0.463125734,-0.811139919,-0.206692239,0.867734298,0.328257613,0.276077436,5.18E-07,-0.376477252,2.40735733,0.908507848
SZP2016003,-0.534999597,2.007514663,0.917615119,1.118784667,1.118784667,-0.795481444,-0.749320184,-0.510188549,-0.192957867,-0.47306846,-0.505148489,0.615212918,0.3046048,0.635498449,-0.353688645,-0.37549592,1.700749245,-0.020767442,-0.619043395,-0.708548894,-0.689252989,-0.390160081,1.425105859,0.035266148,-0.493335121,-0.166857358,-0.115280205,-0.449242164,0.611662815
SZP2016007,0.62692577,-0.328534428,0.688143899,-0.926987862,-0.926987862,0.149082112,-0.733163415,-0.26304244,-0.35477023,-0.379566313,1.476140413,-0.572076409,-0.200492201,-0.469243411,-0.287318372,-0.127821422,-0.365798418,0.05654336,-0.521388084,0.141594542,-0.59637845,-0.393729909,0.606611384,0.55635606,-0.651918033,-0.064537745,-0.095807467,-0.363306314,-0.710573017
SZP2016008,-0.255136681,-0.105715263,-0.605113736,2.337037263,2.337037263,-0.786074775,-0.578444969,-0.464185081,-1.601153661,1.31010517,-0.490305018,-0.700233064,0.41826901,-1.242822481,-0.255469403,-0.307616046,-1.108634206,-0.866513751,-0.557849965,1.455228808,-0.484480756,-0.281906224,-1.064743897,-0.970407524,-0.39535975,-0.136066618,-0.084330363,-0.263169271,1.007225497
SZP2016009,-0.972814089,1.080442157,-0.744098724,3.676012006,3.676012006,6.52352365,2.004672192,-0.299388202,-0.775129387,-0.359424265,-0.461920884,1.196367984,1.893289769,-1.300624,-0.295027782,-0.345140298,-1.136994217,-0.981962018,3.699080153,-0.754441426,-0.664652845,-0.449364123,0.51388048,-0.934379657,-1.5805283,-0.13056385,-0.12755364,-0.399472331,-0.666151686
SZP2016011,-0.490773171,-0.856964896,1.057587069,-1.04624791,-1.04624791,-0.755381706,1.003259308,-0.604244855,0.182279466,-0.615190117,-0.530070601,0.238881894,-0.208569254,2.517896965,2.415068794,0.758957234,0.763749595,-0.889211635,-0.652900297,-0.819386295,1.813073999,-0.211754347,-1.084086608,-0.008741773,0.092790035,-0.068907468,-0.053004749,-0.284206849,-0.795010528
SZP2016012,1.414009528,-0.707676517,-0.622107609,0.31108588,0.31108588,-0.808838761,-0.72056442,-0.355163645,-1.582939967,6.176155848,-0.496489025,0.811467528,2.492702054,-0.681560645,-0.351740491,-0.181346344,-0.733235249,-1.031284427,-0.606827056,-0.842970906,2.27100573,-0.344673875,0.558070907,-0.35465042,-0.666447755,-0.038964093,-0.073048917,-0.425021504,0.756983435
SZP2017001,0.209996913,-0.427690342,2.415547875,-0.951274178,-0.951274178,0.358882772,-0.617448587,-0.293327645,-0.086320117,-0.439232207,-0.474176147,-0.607461055,-0.30615673,0.338361274,-0.266179392,1.109459706,-0.074310774,-0.953055275,-0.536516873,-0.885050984,-0.483244415,-0.295007848,-0.947662562,-0.957539391,-0.294671223,-0.038219582,-0.064956272,-0.286439854,-0.785191894
SZP2017013,0.148098604,-0.44134398,-0.610770273,5.161956671,5.161956671,0.149843705,-0.731906551,-0.230337776,-0.422444183,-0.37789244,-0.459408628,-0.552579438,0.644244629,-0.381176998,-0.288074764,-0.170802631,-0.184788585,-1.014089289,-0.517355887,-0.863058641,1.131082769,-0.386311185,0.771807463,-0.937983683,-0.003421335,-0.04187542,-0.085831526,-0.361875789,0.504248043
SZP2018001,-0.891122372,-0.13166651,-0.549941641,-0.693103024,-0.693103024,-0.817181746,1.092926153,-0.282771288,-0.565459482,-0.426642229,-0.471446022,1.527024334,2.318684963,-0.13455553,-0.270408804,0.322034278,-0.224567679,0.243620912,2.148062469,2.590683177,-0.503329837,-0.312520322,1.127475848,0.646589177,-0.282992747,-0.040371778,-0.069417584,-0.300717437,-0.771426572
SZP2018002,-0.168196371,-0.75930837,-0.564866776,-0.490661759,-0.490661759,0.477703073,-0.672914165,-0.354405067,2.267602663,-0.505568701,-0.500216735,-0.6988203,-1.09876797,-0.746898935,-0.342245619,-0.129124882,-0.367497268,2.917493116,-0.611825079,-0.880349129,-0.562404162,-0.304183672,0.576068571,0.533471177,0.978872854,-0.026212091,-0.059565248,-0.388876388,0.403421411
SZP2018003,-0.048366121,-0.562828989,-0.536442028,-0.378144555,-0.378144555,0.345639586,-0.606988893,-0.428272309,0.940396013,-0.549912769,-0.511313969,-0.749196126,-0.087835564,-0.704601859,-0.326915716,0.101015379,-0.647883414,-0.973714635,-0.627031138,0.053794073,-0.509498087,-0.259053433,-0.905438232,-0.287557691,0.141846507,-0.032351686,-0.053409439,-0.340754682,-0.767702758
SZP2018004,1.086843434,-0.085148685,-0.480298339,-1.130162859,-1.130162859,-0.806040434,-0.574096331,-0.292657621,1.897597152,-0.463960783,1.399992281,-0.614541347,0.128054922,-0.544904904,-0.258275565,0.349880177,-0.237149581,0.005552054,-0.541153076,-0.923484074,-0.437622616,-0.258525829,-1.016680224,0.740320134,-0.354346186,-0.025677855,-0.052700102,-0.25855505,-0.820952128
SZP2018005,-1.050541903,-0.592469463,1.001906002,-0.788832738,-0.788832738,-0.793094747,-0.627897014,-0.379093295,-0.22249523,-0.533769437,-0.505884966,0.531407673,-0.205604573,-0.650242487,-0.33241841,0.122944711,0.008254522,-0.113995627,-0.619539192,-0.895364437,1.996541028,3.025701811,1.779889818,-0.130333512,-0.006597049,-0.023290207,-0.051886304,-0.355590654,0.382583032
SZP2018006,-1.202273539,-0.12073601,-0.587541843,0.113392563,0.113392563,-0.776580655,4.757214183,-0.507334878,1.814242568,-0.55329969,-0.516498453,-0.786840577,0.338921245,-0.232748092,-0.325601836,1.588647381,0.28405298,0.190297298,-0.634294816,-0.812709334,1.385383987,-0.268256713,-0.923312417,1.439341408,-0.383974014,-0.065614235,-0.064784787,-0.342958609,-0.747788607
SZP2018007,-0.458318432,1.140834579,-0.675371791,0.127642899,0.127642899,-0.768666906,-0.56048291,-0.620304522,1.097963485,-0.490105538,-0.501360154,-0.770661488,-1.10096906,-0.337261713,-0.249604448,0.482508501,-0.17899275,-0.808519366,-0.572552794,1.88946678,-0.496029997,-0.280866894,0.372172117,0.228799632,0.348241794,-0.293665896,-0.10525809,-0.253037557,-0.750899279
SZP2018008,0.133768801,0.407705452,-0.746601394,-0.92311952,-0.92311952,-0.818921526,-0.736689505,2.053464632,0.195664698,-0.384278259,-0.471004307,-0.628878928,-0.995994598,-0.540962322,-0.28520744,-0.325235985,0.184200377,-0.071688254,-0.532780906,0.507697496,2.076862917,-0.414979925,-0.806761203,-0.016474997,-0.708833026,-0.180324066,-0.128447035,-0.367331011,-0.677483806
SZP2018009,-0.913516375,-1.188698885,-0.679042018,-0.876571125,-0.876571125,-0.835946704,1.740966288,-0.266789358,-0.927879528,-0.368749126,-0.460967119,1.186186938,0.811623098,0.032122252,-0.291461345,-0.018175036,-0.368873624,-0.995898598,-0.519522725,-0.804053988,-0.624458737,-0.417862704,0.601635033,0.811603597,0.463754939,-0.079696321,-0.106256146,-0.380526319,-0.692862931
SZP2018011,1.033034932,3.024358915,-0.840897914,-0.727444166,-0.727444166,0.299689053,-0.682028903,-0.76387954,-0.534024698,1.103854096,-0.524800575,-0.880178647,-0.96367248,-0.697185689,-0.335847792,0.869227587,-0.82889981,-0.870659735,-0.646269489,-0.617768995,-0.666845507,1.997976101,-0.872473184,0.223941727,-0.23481304,-0.397619271,-0.137033346,-0.400349549,-0.647506882
SZP2018012,-1.038954809,0.42576956,-0.523098429,-0.343628532,-0.343628532,0.257329505,-0.627667947,-0.370485876,1.34425602,-0.533354638,-0.505243224,-0.715513814,-1.141805811,-0.098167413,-0.332584672,-1.019289799,-0.391784799,0.079920302,0.884083582,-0.903093603,-0.517583461,-0.269264974,-0.858757117,-1.130528457,-0.224427557,-0.021075274,-0.050615461,-0.355308172,-0.766589866
SZP2018013,-0.393619467,-1.457967069,-0.749229472,3.176799484,3.176799484,0.486603832,-0.772505461,-0.435989132,-1.478495627,-0.457611563,-0.498485289,0.78132033,1.088577044,-1.445583828,-0.359826188,-1.140335915,-0.798643683,-1.002970465,1.746877159,-0.742777582,-0.695828397,-0.401942722,0.54537307,-1.11091704,-0.8450476,-0.114831264,-0.107875435,-0.466217437,1.323218903
SZP2018014,-0.450282576,0.184720469,-0.56363862,0.121724615,0.121724615,-0.762775274,-0.499249961,-0.578402876,-0.850434372,-0.528660289,-0.504743919,-0.766373732,-1.190787042,2.242052432,-0.238777504,-0.350035321,0.275047969,-0.809320848,-0.576783751,-0.766496576,-0.419712066,-0.225471529,2.348879575,4.190554373,0.094762149,-0.162305053,-0.073069353,-0.214580256,0.204851782
SZP2018015,-0.35335285,-0.158976663,-0.68616511,-0.877787155,-0.877787155,0.725276611,-0.622677756,-0.495250484,-0.947007237,-0.447738462,1.436049254,1.06885422,0.431734926,-0.502292525,-0.262888312,-1.135241502,-0.365890735,0.09400004,2.308829071,0.393823254,-0.540441669,-0.324421024,-1.00093426,-0.96458374,-1.306734577,-0.217439225,-0.108607983,-0.292123039,-0.728001654
SZP2018016,0.584766808,-0.34879202,0.663655319,-0.694063008,-0.694063008,0.157169615,-0.758103433,-0.266789358,1.615824161,-0.368749126,-0.460967119,-0.570646857,0.370261777,-0.030429176,-0.291461345,2.567190387,0.574660328,-0.157049617,-0.519522725,-0.804053988,0.987397414,-0.417862704,0.464223255,-0.936331562,-0.481601558,-0.079696321,-0.106256146,-0.380526319,0.582104058
SZP2018017,-0.380407233,-0.582116411,-0.54267475,-0.94646677,-0.94646677,0.276236762,0.834868031,-0.437701246,-0.579954702,-0.550335435,2.431744984,-0.753841911,-1.139102203,-0.227036709,-0.326751294,-0.13867238,-0.009187411,-0.969663728,-0.627936329,0.169986683,-0.511983239,-0.260192129,0.283921277,0.165684446,-0.233619988,-0.035521092,-0.0547365,-0.341029672,0.295614032
SZP2018018,-0.462214833,-0.563974301,0.475034176,-0.679622765,-0.679622765,-0.788413176,0.699041992,-0.505567773,0.659838471,-0.44811062,-0.489134603,-0.71040396,-1.064995021,0.607406226,3.724247941,-0.071655337,-1.128549003,-0.859649814,-0.556485563,-0.712254156,-0.543010057,-0.325741359,-1.003287622,0.156352431,-0.337715926,-0.230922728,-0.110913763,-0.292371804,0.720521666
SZP2018019,-0.47427818,-0.773210918,0.473320076,-0.644721948,-0.644721948,-0.801481879,0.390037239,-0.449898432,0.627229258,-0.470761668,-0.501308733,-0.734543661,-0.988363277,0.043230679,-0.354727657,0.336922478,1.464445137,1.391206056,-0.613670927,-0.749558976,0.885419773,2.192505755,-0.724049649,-0.187850828,1.105754665,-0.10989216,-0.101584205,3.185216029,0.813638374
SZP2018020,0.234467149,-0.320563545,-0.643789108,-0.919067746,-0.919067746,-0.841089593,-0.756821252,-0.233765122,1.352389564,-0.367105855,-0.457938541,-0.551179912,-1.037361099,1.59009785,-0.292224897,-0.231924579,-0.043401087,-0.051760811,-0.515499441,-0.840746435,-0.610665514,-0.410158847,-0.739256902,0.403744788,-0.074609977,-0.052677979,-0.095448618,-0.379052878,-0.704729538
SZP2018021,0.704020156,1.833131189,0.861591354,0.829488931,0.829488931,0.404787201,0.718924742,-0.429127517,-1.039652193,-0.522412512,-0.50753678,-0.741217162,1.135957502,3.666579499,-0.336135582,-0.266322988,-0.565752385,-0.982606126,2.068187684,4.588005815,-0.559148807,-0.295584165,0.258476808,0.246890137,-0.47462041,-0.047447045,-0.065794616,-0.374035587,1.344094991
SZP2018023,-0.282241229,-1.393920872,1.302953711,-0.635680316,-0.635680316,-0.80044356,0.897334398,-0.371266262,-0.358291862,-0.506371575,-0.501493029,-0.707751294,-1.091413442,0.052012485,-0.34190695,0.096126469,-0.73879011,-1.013833488,-0.613609498,1.874220062,-0.56766177,-0.306719408,-0.796220502,2.834842441,-0.035658686,-0.031757126,-0.062489456,-0.389474972,0.375996295
SZP2018024,0.24205703,-0.678857103,0.137148322,-0.381905862,-0.381905862,-0.82276278,-0.905216716,-0.433419599,-0.616007814,-0.397723949,-0.488902331,-0.702083707,-0.859122784,1.90929943,1.741933879,0.124426461,-0.027428522,1.197688977,-0.596966333,-0.663268888,-0.844891927,-0.527981506,-0.559593037,0.227155474,-0.870403453,-0.223020158,-0.164505161,1.945877182,0.888563997
SZP2018025,-0.315904102,-0.906615343,0.579209499,-0.31448784,-0.31448784,0.319245424,-0.679623108,0.747620112,0.949027784,-0.516880794,1.854522568,-0.830059282,0.194602504,0.367098355,-0.337523886,-0.02480805,-0.599720012,1.81757079,-0.63709439,0.857971213,-0.638436965,-0.340944307,-0.85088365,-0.32731082,0.459086355,-0.231043681,-0.111776178,2.050358791,-0.670425683
SZP2018026,-1.091541131,-0.500248892,1.045288345,-0.770582963,-0.770582963,-0.807442976,-0.689606244,-0.414065146,0.745566202,-0.408789948,-0.477710446,-0.657336103,-1.026123403,1.775722735,-0.276193829,-0.378845154,-0.037214433,-0.019163589,-0.541524605,-0.72625447,-0.595060833,-0.376468164,-0.880664957,0.17412019,-0.456037863,-0.189742114,-0.119229026,-0.335799867,-0.698381607
SZP2018027,-0.811294119,-0.363696788,0.937850422,-0.941019298,-0.941019298,0.160057298,-0.706994697,-0.214799837,0.802149702,-0.38819797,-0.459668831,1.284972394,-0.217640045,0.294810444,-0.284263715,0.525765042,0.509719782,-0.022520962,-0.517605406,-0.90111042,-0.550688292,-0.36053276,0.807409596,0.080719683,-0.59742642,-0.027239146,-0.073529765,-0.344650593,0.372687819
SZP2018028,-1.054712555,-0.692763894,0.407966996,-0.607225717,-0.607225717,0.259368111,-0.820670468,-0.324319413,0.6685638,-0.428375827,-0.48657144,-0.658704149,-0.968180353,0.224125774,-0.371947173,0.061863938,-0.200947617,-1.066680555,-0.593399531,0.236387002,-0.715023482,-0.429320854,-0.614506835,0.010895536,-0.523201293,-0.057431097,-0.098322641,-0.502051533,-0.648271225
SZP2018029,0.87516126,-0.31055221,0.716038689,-0.873404595,-0.873404595,-0.843151794,0.508801236,-0.221369923,0.991845243,-0.36644986,-0.45673051,-0.543508716,-0.017057189,-0.129097417,-0.292530686,0.041593316,-0.315887323,0.474506942,-0.51389552,0.387002765,1.286974448,-0.407102568,-0.735317145,-0.934220605,-0.567201597,-0.044194687,-0.091368792,-0.37846452,-0.709509608
SZP2018032,-1.122735409,-0.660245981,0.555840565,-0.122199782,-0.122199782,-0.807508296,-0.746266395,-0.394265901,-0.453131436,1.496900018,-0.497486555,-0.707351772,-1.009333382,-0.362210423,-0.355768625,-0.021101658,1.739455454,0.11273727,-0.608326847,-0.791942933,-0.654636372,-0.372607383,2.333830673,0.686882849,-0.272707587,-0.068970883,-0.089159637,-0.445321842,0.518567609
SZP2018033,-0.188421523,-1.245599954,0.644698438,2.140717732,2.140717732,-0.823677317,-0.761185949,-0.358295299,-1.449897353,-0.372712138,-0.468285278,-0.619061627,0.23628446,0.350689002,-0.289634179,-0.382878185,-0.39943661,-0.947296526,1.165873345,-0.719891834,0.835030031,-0.436721414,0.366992046,-0.939956702,3.740814971,-0.187389485,-0.135931308,-0.384077432,3.515851537
SZP2018034,-1.059608696,-0.744771006,0.394442652,-0.578697579,-0.578697579,-0.829536863,0.241805169,-0.320768153,-0.620799334,-0.41633838,-0.484423539,-0.65286803,-0.946746044,-0.264734792,-0.377021723,-0.118344413,0.686876554,-1.073490304,-0.590507315,-0.785398607,0.551020077,-0.453154399,0.970952978,-0.303964511,-0.358394554,-0.06567524,-0.106700679,-0.52274369,-0.633743945
SZP2018035,-0.254086463,0.794436316,0.805641783,-0.277491128,-0.277491128,0.27868809,5.767608273,-0.485064416,1.076416825,-0.447366497,-0.487877344,0.55671394,-0.205474039,-1.260142746,-0.263030835,0.255010513,-0.254387324,-0.867222494,-0.554804409,0.698173988,-0.537880041,-0.323104166,-0.998583989,-0.964276852,5.683179091,-0.204506023,8.368680676,-0.291874413,-0.730435499
SZP2018036,-0.626269134,-0.482033221,0.325347576,-0.717906067,-0.717906067,-0.791815279,0.54575688,-0.514946393,1.10631344,-0.486099637,-0.507351152,0.582213221,-0.013733873,-0.491582044,-0.348817621,-0.292506301,0.073240071,-0.108580331,-0.622019755,2.019445128,-0.662505259,-0.368493179,0.280921784,0.523627435,2.663232175,-0.149938329,-0.106393609,-0.430421868,0.554194809
SZP2018037,-0.319362474,0.760518625,0.819551037,0.007450513,0.007450513,0.270427626,-0.698081585,-0.411464116,-1.574023322,1.281378838,-0.502496585,0.55881436,-1.050435636,-0.390639233,-0.345862543,-0.314582288,-0.252969491,0.796494592,-0.615119426,-0.813337136,-0.605878652,-0.332656242,1.214531033,1.809277067,0.935706278,-0.057403684,-0.076784823,-0.40869914,7.213723288
SZP2018038,-0.991510523,-0.543952553,-0.539582326,-0.762859908,-0.762859908,0.245062251,0.627184102,-0.322176205,-1.073635946,-0.503965319,-0.497670005,-0.68116189,-0.358412909,-0.786124765,-0.342923606,0.013232001,-0.679273067,1.039529659,-0.608265698,-0.911195866,2.151608745,-0.299153439,-0.783907406,-0.144846743,-0.495880425,-0.017544149,-0.054045412,1.733525153,0.347396353
SZPN2018007,-0.35354239,0.143100357,-0.716702766,-0.744429463,-0.744429463,0.300894014,-0.678182093,1.537111202,-0.68920212,-0.514443735,1.208217975,3.771371414,0.095850897,-0.761735527,-0.338532128,-0.318327451,-0.670376245,0.277439494,0.740176113,0.82005684,-0.621706677,-0.332837458,-0.83808063,-1.129880182,-0.625047511,5.851058318,-0.098400276,1.682528497,-0.684405362
SZPN2018010,-0.383992358,-0.781935621,0.383515455,-0.454605209,-0.454605209,0.265711316,-0.751615414,-0.609542588,-0.360455287,-0.476541828,-0.510941099,-0.805209745,-0.937022182,-0.744608134,-0.352133788,0.162291112,-0.550015897,-0.931893967,-0.62715539,-0.649598164,0.641772999,-0.403662713,1.564489212,-1.120054348,-0.796014522,-0.28749643,-0.138347471,-0.452196517,-0.628774468
SZPN2018011,-1.332625929,2.462387551,-0.609652313,-0.794361251,-0.794361251,-0.758636866,-0.568393857,-0.640689304,-1.061999653,0.817936337,-0.528185165,-0.853979718,1.718683025,-1.384706427,-0.314642299,-0.379348799,-0.685364344,-0.886082776,-0.650472825,0.351341919,1.484033067,-0.247043863,0.488497724,-0.189900227,-1.084331144,-0.11983762,-0.070078589,-0.314638235,0.312533459
SZPN2018013,3.27600236,3.224423097,-0.658970576,1.092702122,1.092702122,3.209519826,0.586273778,-0.483112828,-0.999465188,-0.511205392,-0.509191822,0.735913429,2.669599324,-0.262502283,-0.339879468,-0.378055022,-0.715429682,-0.964735066,1.909186355,-0.777203256,1.061415332,-0.32222373,-0.821185817,2.131637696,-0.589124377,-0.088945712,-0.082506283,-0.393078751,-0.703311936
SZPN2018016,0.767102812,-0.277570157,0.520596023,-0.489282975,-0.489282975,0.365688709,0.789616373,-0.710490771,0.372381929,-0.546726919,-0.526021415,0.227101894,-1.024883194,0.802281425,-0.327290923,-0.50979754,0.739045531,-0.877574438,-0.647764265,-0.674715821,-0.601163499,-0.308336786,-0.92931704,-0.105316386,-0.178219602,-0.256699523,-0.105699467,-0.364419117,-0.688839089
SZPN2018019,0.035530304,-0.116942185,-0.572304736,-0.87416594,-0.87416594,0.355283378,-0.527825498,1.001566098,-0.15847231,-0.617908972,1.125654274,-0.877842968,0.204859535,-0.564436458,-0.305339335,0.965343185,0.679146777,2.029427108,0.811712017,1.651900116,-0.470727647,-0.217761856,-0.235118225,-0.37992528,-1.012624635,-0.10980132,-0.06132008,-0.285674734,0.268740768
SZPN2018020,-0.650279557,1.557474383,-0.648436689,1.686661842,1.686661842,0.552976369,-0.610811464,1.086028991,-0.84593394,1.537321008,-0.522368409,0.96057959,4.023659312,0.041972025,-0.324127817,-0.401722836,-0.75147508,0.218707291,1.750057945,1.86060073,1.273145031,-0.278867585,-0.017168598,-1.142108935,-0.194039761,-0.130541284,-0.079794464,-0.345448982,-0.725751605
SZPN2018028,0.817058645,-0.942637818,0.384760199,0.432599677,0.432599677,-0.764858239,3.705469737,-0.76387954,0.274660844,1.135856115,-0.524800575,0.206386957,-0.96367248,1.149824933,-0.335847792,-0.364339669,2.660375771,-0.870659735,-0.646269489,-0.617768995,0.804959804,-0.354736338,0.669032598,0.043687469,0.021397904,-0.397619271,-0.137033346,-0.400349549,-0.647506882
SZPN2018029,0.840688559,-0.365769848,0.358000215,2.867496969,2.867496969,-0.778585818,-0.678662226,4.622326556,-0.094206438,-0.515255297,1.202995063,0.325013264,0.571112826,0.626441869,-0.338195831,-0.395877241,0.203828157,-0.048221656,1.170840567,1.980924531,-0.627257098,-0.335525753,0.244967538,-0.082111472,0.639320905,-0.180360776,-0.102716175,-0.396097994,-0.679726413
SZPN2018034,0.331666479,-0.218720201,0.423360457,-0.61465384,-0.61465384,0.889923353,-0.678182093,1.247000138,0.946677743,-0.514443735,-0.514363442,-0.800809085,0.14195917,0.592430065,-0.338532128,-0.229190215,-0.531045912,0.463904532,-0.631627359,0.77135324,-0.621706677,-0.332837458,0.963520181,-0.18291218,-0.400519034,-0.158205856,-0.098400276,1.907381176,-0.684405362
SZPN2018035,2.767731332,3.938960353,-0.760576914,-0.570698432,-0.570698432,0.755563546,-0.572932728,-0.922914826,-0.772601654,1.356269837,-0.542127004,-0.962930035,0.564003231,-1.4007022,-0.311285346,-0.571779695,-1.409080376,0.200932666,-0.670075223,-0.623305615,-0.564458096,-0.27090669,-1.070207124,-0.397636219,-1.116827283,-0.417451935,-0.111458174,2.450937703,-0.701453335
SZPN2018043,0.692934626,-0.537606499,-0.63107315,-0.572471491,-0.572471491,-0.789725527,-0.599868021,-0.459723934,1.268733781,-0.458820776,-0.488147197,-0.694178389,-1.106281495,0.140186063,-0.259443497,-0.35520495,-0.239941953,-0.872571477,-0.555064968,0.560683351,-0.507066776,-0.300161513,-0.113982235,-0.966878394,-0.456614051,-0.15185627,-0.091789464,-0.276915564,0.389863818
SZPN2018048,-0.50893245,-0.699982891,0.869046204,-0.828413993,-0.828413993,0.281574448,0.802075548,-0.507334878,2.366910246,-0.55329969,-0.516498453,0.305092479,-0.06248413,-0.033188959,-0.325601836,0.607415567,1.379272535,-0.94157417,0.876276528,-0.812709334,-0.529569863,-0.268256713,-0.923312417,-0.212406112,1.052548238,-0.065614235,-0.064784787,-0.342958609,-0.747788607
SZPN2018050,5.967597382,1.033100463,0.621662979,-0.162064549,-0.162064549,0.294806022,-0.621538696,2.728937624,-0.518858735,-0.445880575,-0.485368676,1.454172511,2.272981473,-0.268662835,-0.263601442,-0.235690371,0.052436657,0.045625763,1.682371733,0.993330047,-0.527701243,-0.317871444,0.520151881,3.079834103,-0.45826409,-0.158113036,-0.097617184,-0.290881303,-0.740218741
SZPN2018051,0.469737944,-0.082651041,1.368154266,-0.196136601,-0.196136601,-0.795416531,0.621224497,1.044490522,0.511271849,-0.413020327,-0.485187976,0.519520644,-0.984037007,0.133046217,-0.274430527,0.022616984,-0.012568088,0.510325296,-0.551509485,-0.647146082,1.156238145,-0.394135102,0.69410005,0.786813548,1.881348487,-0.374389214,-0.151450554,-0.339078172,-0.670254817
SZPN2018052,0.103647253,-0.27172407,1.614371682,-0.795433577,-0.795433577,0.346217743,-0.582157122,-0.650696963,0.11810719,1.427848838,2.189012687,-0.778402996,-0.210944153,0.140516163,-0.253100291,0.080873418,0.579179747,1.385191626,-0.572287197,0.949109406,-0.526469399,-0.302845442,1.32518417,0.129570461,-0.035266538,-0.37428294,-0.121362092,2.878485996,-0.72772863
SZPN2018053,-0.244473741,-0.347897498,-0.807384095,-0.610427794,-0.610427794,0.180555248,-0.762472532,-0.401686446,1.595101337,-0.374371385,-0.471355178,-0.639944856,-0.960480785,0.852558037,2.801394376,0.127223119,-0.07561173,3.843029709,-0.533346203,0.684666797,-0.672584683,4.255428973,-0.783421209,0.076087832,1.386571208,-0.253758007,-0.14994084,2.056169622,-0.65340782
SZPN2018056,0.133596989,-0.456083102,-0.859905524,-0.7059169,-0.7059169,0.32601148,-0.693978516,-0.600193753,-0.190812939,-0.415145838,-0.488953058,2.365307476,-0.96336479,-0.171211415,-0.273551684,-1.23560681,0.022117777,0.330581946,-0.556543894,-0.609631762,1.05426686,-0.403161962,3.876638882,-0.024336615,-0.77392123,-0.4989015,-0.169733295,-0.340725041,-0.656448588
SZPN2018059,-0.630050745,0.594752073,-0.835410251,3.084258193,3.084258193,0.312908273,-0.693248648,-0.566197932,-1.413503096,1.868930716,-0.487068323,0.851477007,1.687279237,-0.081402327,-0.273990872,-0.532351094,-1.157933909,-0.851289668,2.6225798,-0.628219792,-0.636367413,-0.398632369,1.508703707,-0.95649593,-1.449679999,-0.433854621,-0.1604054,-0.339900963,-0.6633303
SZPN2018060,-0.341953996,-0.556450826,0.134415136,-0.615151382,-0.615151382,0.2343963,-0.693248648,-0.566197932,-0.318097796,-0.414082222,1.343832362,-0.723552073,-0.973669895,-0.377064722,-0.273990872,1.336213379,-0.331887793,0.154300068,-0.554023188,1.199411343,-0.636367413,1.823404978,0.314306737,0.199900406,4.589156811,-0.433854621,-0.1604054,-0.339900963,-0.6633303
SZPN2018063,-0.204797805,-0.083444902,-0.819308334,-0.923121794,-0.923121794,-0.794419018,-0.692762326,1.529599092,-0.508160476,-0.413374101,2.369084952,-0.714502735,-0.110018724,-0.26896139,-0.274283924,-0.326211523,0.826814468,0.244946668,-0.552346608,0.617028186,-0.630774038,1.790530045,0.036836782,-0.117080735,-0.67268782,3.663206216,-0.154394443,-0.339352293,-0.667941886
SZPN2018064,0.464772548,0.570884434,-0.70067283,-0.225348377,-0.225348377,0.849844694,0.804365733,2.156706436,-0.600494001,1.505595617,2.880679343,5.453569206,0.171075036,-0.266626247,-0.262603421,-0.41213187,-0.376747988,0.247879632,1.001247816,0.580743173,-0.545585202,2.810542402,2.743943138,-0.965197682,-0.112865454,-0.244963856,-0.113256113,-0.292620708,0.389301266
SZPN2018065,-0.426315863,5.31657356,0.488428116,-0.310331647,-0.310331647,0.811084794,0.74421752,1.081439437,-0.899403464,1.385333734,1.318973633,0.505092124,3.877492245,0.075682542,-0.262034257,-0.467807651,-0.054692463,0.309276362,3.75785282,0.492287998,-0.555953246,-0.332395254,0.83075778,0.734072581,-0.434679192,-0.30683654,-0.122997013,-0.29361772,1.491654713
SZPN2018067,1.293043792,-0.356059906,0.105814454,0.240237402,0.240237402,-0.790436187,-0.693735176,-0.588727538,-0.462082721,-0.414791108,-0.488324326,-0.732669477,-0.031470514,0.909447908,3.101813321,-0.559082423,0.427644337,1.333848464,0.918882725,-0.615790258,-0.641987071,-0.401648502,-0.918287755,-0.957106948,1.206197215,-0.476592141,-0.166582162,-0.340450205,0.578427204
SZPN2018071,0.516622674,-0.159352883,0.184929586,-0.215360631,-0.215360631,1.143940706,1.960976896,-0.76387954,1.21095799,-0.52095839,-0.524800575,0.194433138,1.371127912,0.922024589,-0.335847792,-0.384741528,0.649335043,-0.870659735,1.651947642,-0.617768995,1.027081795,-0.354736338,-0.872473184,-0.008241098,0.254066178,-0.397619271,-0.137033346,-0.400349549,0.730197173
SZPN2018074,-1.534668088,-0.968107799,-0.765717235,-0.714780191,-0.714780191,-0.752203492,-0.61442255,-0.809494163,-0.009515398,-0.563966289,-0.532901761,-0.911534758,-1.022335143,-0.619712228,2.337263591,-0.535138555,-0.654285007,0.10686751,-0.657320694,-0.642416722,1.096079511,-0.298409674,-0.980456564,-1.147506232,-0.401539766,-0.344952743,-0.112992645,-0.349904989,0.490231947
SZPN2018078,1.037893189,-0.465645295,-0.804755397,1.870767853,1.870767853,0.342132898,-0.615553674,0.292186512,-0.239649479,-0.566114625,2.748746456,-0.93775498,0.206405515,0.642757015,-0.320705288,-0.584213287,0.999369301,0.722345683,-0.661985424,-0.611200287,-0.60868379,-0.304696005,-0.105698812,3.503114436,-0.009570785,-0.442245444,-0.125242097,-0.35130503,-0.675837717
SZPN2018081,1.444221723,-0.983113732,-0.840897914,0.398041388,0.398041388,0.311743522,0.955879521,-0.76387954,-0.490634676,1.240643486,-0.524800575,-0.880178647,0.267253718,-0.789748639,-0.335847792,5.534825985,-1.425534952,-0.870659735,-0.646269489,1.460721462,2.451521793,-0.354736338,-0.872473184,0.274501721,-0.668534129,-0.397619271,-0.137033346,-0.400349549,-0.647506882
SZPN2018084,-0.764185078,-0.866981369,0.293474347,-0.723240756,-0.723240756,0.287492841,-0.680825364,-0.698943974,-0.638510895,-0.518917118,-0.521525518,-0.854905102,-0.018561474,-0.086104643,-0.336685166,-0.090984703,-0.542864774,1.264351556,-0.64167203,-0.649185446,0.935160209,2.236057238,-0.861639182,-0.307865898,0.344359517,-0.306982704,-0.12392853,-0.398827837,0.616908748
SZPN2018092,0.535808323,0.980377611,0.373445048,-0.689900457,-0.689900457,-0.735850946,-0.551893989,1.53670575,-0.81244703,-0.610878429,-0.543753916,2.727849935,-0.056967923,-0.25514831,-0.306959358,1.790876537,-0.464064332,-0.805330668,-0.672253469,0.670772698,-0.537898062,-0.252742738,0.317387941,-1.161195281,0.548313526,1.88670269,-0.100619597,-0.30476044,-0.71929226
SZPN2018095,-0.423056184,-0.14220843,0.942999349,0.484304707,0.484304707,0.265114711,1.143183385,1.337571681,0.58087466,1.197622967,-0.5139023,0.362578427,0.540644147,1.555106242,-0.326258348,0.23624912,1.804764943,3.992934114,0.870306988,-0.842169889,-0.519479568,-0.263628275,-0.914350298,-0.012112096,0.611647071,-0.046607907,-0.058877554,2.145133269,-0.757707345
SZPN2019001,-0.483470655,-0.868078504,0.538896336,-0.535765381,-0.535765381,0.305006038,-0.611487555,1.007606352,-0.614140936,-0.558404051,2.013748966,0.894403614,-1.068939063,-0.661587793,4.595203696,-0.264371807,-0.522279076,1.319610717,-0.645285359,0.588641851,-0.560490571,-0.282465384,0.271333906,-0.360880719,-0.132330629,-0.160292915,-0.085358678,2.482570915,0.470086782
SZPN2019005,-0.067549092,0.340455403,0.552679017,-0.554259588,-0.554259588,0.306667292,0.649009805,-0.661627814,3.164924379,1.110495878,-0.519566355,0.23880416,0.625201428,-0.238827771,-0.337188236,-0.257898169,-0.713478603,-0.901404939,0.959927055,-0.66848764,-0.644066321,-0.343674603,-0.855176445,-0.340280646,-0.525389854,-0.259700371,-0.116525062,-0.39791657,-0.665803884
